SRC,MULT,CH1,CH2,VBAT,VPOW
8.000, 7.997, 8.309, 8.372, 1609.700, 1563.800
8.010, 8.005, 8.318, 8.385, 1606.600, 1562.700
8.020, 8.016, 8.322, 8.392, 1609.100, 1563.800
8.030, 8.024, 8.331, 8.400, 1613.400, 1564.300
8.040, 8.038, 8.341, 8.409, 1615.000, 1566.800
8.050, 8.046, 8.347, 8.420, 1616.800, 1568.300
8.060, 8.054, 8.357, 8.427, 1617.400, 1569.000
8.070, 8.066, 8.365, 8.435, 1619.700, 1572.300
8.080, 8.074, 8.375, 8.446, 1620.000, 1576.000
8.090, 8.087, 8.389, 8.464, 1625.100, 1577.300
8.100, 8.096, 8.395, 8.474, 1627.200, 1578.800
8.110, 8.107, 8.402, 8.477, 1629.100, 1580.700
8.120, 8.115, 8.409, 8.488, 1630.800, 1580.900
8.130, 8.123, 8.420, 8.496, 1631.800, 1584.600
8.140, 8.137, 8.425, 8.509, 1632.900, 1588.600
8.150, 8.146, 8.440, 8.521, 1637.300, 1589.300
8.160, 8.156, 8.455, 8.535, 1639.900, 1591.300
8.170, 8.165, 8.461, 8.541, 1641.000, 1592.800
8.180, 8.178, 8.477, 8.552, 1643.000, 1593.800
8.190, 8.186, 8.489, 8.561, 1644.700, 1595.700
8.200, 8.195, 8.493, 8.568, 1645.700, 1597.800
8.210, 8.206, 8.503, 8.579, 1646.800, 1601.600
8.220, 8.215, 8.515, 8.586, 1648.400, 1603.400
8.230, 8.228, 8.531, 8.598, 1655.200, 1605.500
8.240, 8.236, 8.534, 8.607, 1656.700, 1606.500
8.250, 8.244, 8.542, 8.619, 1658.200, 1607.200
8.260, 8.255, 8.555, 8.625, 1659.600, 1612.600
8.270, 8.264, 8.567, 8.633, 1664.900, 1614.000
8.280, 8.277, 8.581, 8.648, 1666.200, 1616.200
8.290, 8.285, 8.583, 8.650, 1667.800, 1617.900
8.300, 8.297, 8.598, 8.661, 1669.000, 1619.100
8.310, 8.304, 8.607, 8.675, 1670.800, 1620.000
8.320, 8.313, 8.616, 8.684, 1671.900, 1621.800
8.330, 8.327, 8.627, 8.698, 1677.700, 1626.600
8.340, 8.334, 8.633, 8.705, 1679.000, 1628.300
8.350, 8.346, 8.640, 8.713, 1680.200, 1630.100
8.360, 8.354, 8.649, 8.718, 1681.100, 1631.200
8.370, 8.367, 8.659, 8.732, 1683.700, 1632.800
8.380, 8.376, 8.669, 8.738, 1684.800, 1636.000
8.390, 8.384, 8.678, 8.744, 1687.100, 1639.500
8.400, 8.396, 8.689, 8.755, 1691.300, 1640.800
8.410, 8.404, 8.701, 8.761, 1692.800, 1642.400
8.420, 8.417, 8.708, 8.777, 1694.200, 1644.200
8.430, 8.426, 8.716, 8.789, 1696.000, 1645.800
8.440, 8.434, 8.725, 8.793, 1696.900, 1646.000
8.450, 8.445, 8.730, 8.803, 1700.000, 1647.700
8.460, 8.453, 8.738, 8.810, 1704.500, 1649.000
8.470, 8.467, 8.752, 8.834, 1705.500, 1655.800
8.480, 8.475, 8.764, 8.840, 1706.000, 1657.800
8.490, 8.486, 8.771, 8.856, 1708.500, 1659.000
8.500, 8.495, 8.781, 8.862, 1709.600, 1662.900
8.510, 8.503, 8.791, 8.863, 1710.000, 1665.800
8.520, 8.516, 8.807, 8.880, 1716.200, 1667.000
8.530, 8.526, 8.813, 8.889, 1717.800, 1668.500
8.540, 8.536, 8.825, 8.897, 1718.800, 1670.100
8.550, 8.545, 8.837, 8.907, 1720.500, 1671.900
8.560, 8.558, 8.852, 8.921, 1722.000, 1676.400
8.570, 8.566, 8.858, 8.928, 1723.000, 1678.800
8.580, 8.575, 8.867, 8.932, 1728.200, 1679.100
8.590, 8.586, 8.882, 8.948, 1729.900, 1680.900
8.600, 8.595, 8.885, 8.957, 1730.800, 1682.700
8.610, 8.608, 8.903, 8.965, 1733.400, 1684.600
8.620, 8.615, 8.909, 8.972, 1734.900, 1685.200
8.630, 8.628, 8.920, 8.981, 1735.900, 1691.300
8.640, 8.635, 8.931, 8.991, 1737.200, 1692.000
8.650, 8.644, 8.940, 9.002, 1742.300, 1692.900
8.660, 8.658, 8.946, 9.013, 1743.900, 1695.600
8.670, 8.666, 8.955, 9.017, 1745.200, 1696.900
8.680, 8.677, 8.963, 9.026, 1746.800, 1697.400
8.690, 8.685, 8.968, 9.036, 1748.200, 1703.200
8.700, 8.694, 8.979, 9.040, 1751.700, 1704.800
8.710, 8.707, 8.987, 9.053, 1755.700, 1705.900
8.720, 8.715, 8.997, 9.059, 1756.000, 1707.500
8.730, 8.727, 9.016, 9.075, 1758.100, 1709.600
8.740, 8.735, 9.020, 9.078, 1759.700, 1710.000
8.750, 8.748, 9.035, 9.093, 1761.500, 1715.800
8.760, 8.757, 9.046, 9.109, 1761.900, 1717.900
8.770, 8.765, 9.053, 9.113, 1765.000, 1718.000
8.780, 8.776, 9.063, 9.122, 1768.500, 1719.800
8.790, 8.784, 9.076, 9.134, 1770.200, 1721.600
8.800, 8.797, 9.087, 9.143, 1771.800, 1722.800
8.810, 8.806, 9.090, 9.155, 1773.000, 1723.900
8.820, 8.816, 9.108, 9.166, 1774.800, 1729.300
8.830, 8.825, 9.110, 9.172, 1775.400, 1730.000
8.840, 8.833, 9.119, 9.184, 1781.200, 1731.700
8.850, 8.846, 9.130, 9.195, 1782.700, 1734.400
8.860, 8.855, 9.144, 9.205, 1783.900, 1735.100
8.870, 8.866, 9.154, 9.212, 1785.500, 1735.900
8.880, 8.875, 9.158, 9.221, 1787.400, 1741.600
8.890, 8.882, 9.171, 9.231, 1788.000, 1742.900
8.900, 8.896, 9.184, 9.239, 1794.300, 1744.400
8.910, 8.905, 9.190, 9.253, 1794.400, 1746.600
8.920, 8.915, 9.201, 9.263, 1796.800, 1747.400
8.930, 8.925, 9.215, 9.277, 1797.600, 1748.800
8.940, 8.938, 9.224, 9.287, 1799.900, 1754.300
8.950, 8.946, 9.238, 9.291, 1800.900, 1755.900
8.960, 8.955, 9.246, 9.300, 1805.800, 1756.400
8.970, 8.966, 9.253, 9.309, 1808.000, 1758.400
8.980, 8.974, 9.259, 9.322, 1808.700, 1759.800
8.990, 8.988, 9.274, 9.337, 1810.300, 1761.700
9.000, 8.996, 9.275, 9.342, 1812.300, 1762.400
9.010, 9.007, 9.291, 9.352, 1812.900, 1768.100
9.020, 9.015, 9.291, 9.356, 1814.800, 1769.000
9.030, 9.024, 9.302, 9.363, 1819.400, 1770.800
9.040, 9.037, 9.314, 9.373, 1821.700, 1772.500
9.050, 9.045, 9.325, 9.385, 1822.100, 1773.900
9.060, 9.056, 9.338, 9.394, 1824.700, 1774.400
9.070, 9.063, 9.343, 9.406, 1825.800, 1777.300
9.080, 9.072, 9.352, 9.415, 1826.000, 1781.300
9.090, 9.085, 9.369, 9.431, 1830.100, 1783.000
9.100, 9.093, 9.376, 9.437, 1833.700, 1784.300
9.110, 9.105, 9.388, 9.450, 1834.800, 1786.100
9.120, 9.113, 9.398, 9.460, 1836.100, 1787.300
9.130, 9.126, 9.409, 9.468, 1837.900, 1790.700
9.140, 9.135, 9.413, 9.483, 1838.900, 1794.400
9.150, 9.142, 9.426, 9.491, 1842.500, 1795.600
9.160, 9.154, 9.432, 9.505, 1846.600, 1796.900
9.170, 9.162, 9.439, 9.505, 1847.100, 1798.400
9.180, 9.175, 9.447, 9.516, 1849.100, 1800.600
9.190, 9.185, 9.456, 9.526, 1850.800, 1801.700
9.200, 9.196, 9.464, 9.536, 1855.400, 1807.200
9.210, 9.204, 9.479, 9.548, 1857.200, 1808.000
9.220, 9.212, 9.486, 9.558, 1858.600, 1809.000
9.230, 9.225, 9.494, 9.567, 1859.800, 1810.900
9.240, 9.234, 9.506, 9.578, 1861.500, 1812.900
9.250, 9.245, 9.523, 9.584, 1862.900, 1813.000
9.260, 9.254, 9.527, 9.596, 1864.300, 1818.100
9.270, 9.267, 9.549, 9.607, 1866.600, 1820.600
9.280, 9.275, 9.552, 9.614, 1871.600, 1821.900
9.290, 9.284, 9.565, 9.623, 1871.900, 1823.200
9.300, 9.294, 9.576, 9.637, 1874.100, 1825.300
9.310, 9.303, 9.583, 9.641, 1875.800, 1826.000
9.320, 9.316, 9.589, 9.655, 1877.400, 1830.800
9.330, 9.324, 9.598, 9.659, 1878.200, 1833.500
9.340, 9.332, 9.602, 9.669, 1882.700, 1834.000
9.350, 9.343, 9.613, 9.677, 1884.300, 1835.100
9.360, 9.352, 9.618, 9.686, 1886.000, 1837.000
9.370, 9.365, 9.629, 9.696, 1887.800, 1838.400
9.380, 9.373, 9.639, 9.704, 1889.200, 1839.300
9.390, 9.385, 9.652, 9.717, 1890.700, 1846.200
9.400, 9.393, 9.660, 9.724, 1891.800, 1847.000
9.410, 9.401, 9.665, 9.735, 1896.100, 1847.000
9.420, 9.415, 9.674, 9.749, 1898.500, 1849.700
9.430, 9.423, 9.685, 9.754, 1900.300, 1851.100
9.440, 9.434, 9.691, 9.765, 1901.900, 1855.600
9.450, 9.442, 9.698, 9.776, 1903.000, 1858.000
9.460, 9.456, 9.708, 9.791, 1906.100, 1859.000
9.470, 9.465, 9.722, 9.804, 1910.200, 1860.200
9.480, 9.472, 9.729, 9.812, 1911.100, 1861.200
9.490, 9.484, 9.743, 9.819, 1912.800, 1863.500
9.500, 9.492, 9.754, 9.832, 1913.600, 1864.300
9.510, 9.505, 9.763, 9.839, 1915.800, 1868.300
9.520, 9.514, 9.778, 9.849, 1916.900, 1871.500
9.530, 9.522, 9.780, 9.856, 1919.600, 1872.000
9.540, 9.534, 9.797, 9.864, 1923.300, 1874.000
9.550, 9.541, 9.805, 9.873, 1924.600, 1875.600
9.560, 9.555, 9.826, 9.891, 1926.300, 1877.200
9.570, 9.564, 9.828, 9.900, 1928.000, 1878.400
9.580, 9.575, 9.844, 9.909, 1929.700, 1884.300
9.590, 9.584, 9.852, 9.918, 1931.200, 1885.000
9.600, 9.592, 9.858, 9.924, 1936.100, 1886.300
9.610, 9.605, 9.876, 9.936, 1937.700, 1888.100
9.620, 9.614, 9.887, 9.945, 1939.000, 1889.900
9.630, 9.625, 9.891, 9.958, 1940.500, 1891.000
9.640, 9.633, 9.905, 9.965, 1941.700, 1894.200
9.650, 9.647, 9.914, 9.980, 1943.500, 1897.800
9.660, 9.655, 9.917, 9.989, 1949.000, 1899.600
9.670, 9.663, 9.923, 9.995, 1950.000, 1900.900
9.680, 9.674, 9.935, 10.006, 1951.500, 1902.400
9.690, 9.683, 9.946, 10.011, 1952.600, 1904.000
9.700, 9.696, 9.958, 10.017, 1954.800, 1908.700
9.710, 9.704, 9.968, 10.029, 1955.500, 1910.400
9.720, 9.714, 9.973, 10.037, 1960.300, 1911.400
9.730, 9.724, 9.987, 10.052, 1962.900, 1912.900
9.740, 9.733, 9.989, 10.062, 1963.700, 1914.500
9.750, 9.747, 10.001, 10.073, 1965.600, 1916.800
9.760, 9.754, 10.008, 10.085, 1966.900, 1917.300
9.770, 9.766, 10.015, 10.094, 1967.900, 1923.300
9.780, 9.774, 10.028, 10.101, 1969.800, 1924.100
9.790, 9.783, 10.036, 10.112, 1974.300, 1925.800
9.800, 9.796, 10.049, 10.125, 1975.800, 1927.000
9.810, 9.804, 10.055, 10.132, 1978.100, 1928.800
9.820, 9.816, 10.068, 10.143, 1979.700, 1930.000
9.830, 9.823, 10.079, 10.149, 1980.300, 1934.100
9.840, 9.837, 10.093, 10.163, 1983.100, 1937.000
9.850, 9.845, 10.103, 10.167, 1986.700, 1938.000
9.860, 9.853, 10.110, 10.177, 1988.300, 1939.100
9.870, 9.864, 10.118, 10.188, 1990.700, 1940.800
9.880, 9.872, 10.136, 10.196, 1991.500, 1942.000
9.890, 9.886, 10.147, 10.213, 1993.000, 1945.600
9.900, 9.894, 10.153, 10.218, 1994.100, 1949.500
9.910, 9.905, 10.169, 10.227, 1999.100, 1950.000
9.920, 9.914, 10.177, 10.236, 2000.500, 1951.600
9.930, 9.922, 10.188, 10.244, 2002.600, 1952.800
9.940, 9.935, 10.201, 10.255, 2003.800, 1954.900
9.950, 9.944, 10.211, 10.267, 2005.500, 1957.000
9.960, 9.955, 10.215, 10.277, 2006.900, 1962.400
9.970, 9.963, 10.227, 10.288, 2009.100, 1963.000
9.980, 9.971, 10.234, 10.292, 2012.900, 1963.600
9.990, 9.985, 10.243, 10.309, 2015.500, 1965.700
10.000, 9.994, 10.250, 10.316, 2016.800, 1967.000
10.010, 10.005, 10.257, 10.325, 2017.900, 1968.100
10.020, 10.014, 10.267, 10.330, 2019.300, 1971.500
10.030, 10.027, 10.281, 10.344, 2022.800, 1975.000
10.040, 10.034, 10.283, 10.348, 2026.000, 1976.800
10.050, 10.044, 10.301, 10.361, 2027.700, 1977.900
10.060, 10.054, 10.309, 10.371, 2028.800, 1979.800
10.070, 10.063, 10.320, 10.381, 2029.900, 1980.500
10.080, 10.076, 10.333, 10.396, 2032.600, 1985.900
10.090, 10.084, 10.340, 10.404, 2033.100, 1987.600
10.100, 10.096, 10.356, 10.415, 2036.900, 1989.100
10.110, 10.104, 10.363, 10.423, 2039.800, 1990.700
10.120, 10.114, 10.376, 10.437, 2041.800, 1992.100
10.130, 10.127, 10.387, 10.450, 2042.900, 1993.800
10.140, 10.135, 10.396, 10.458, 2044.800, 1995.300
10.150, 10.147, 10.400, 10.469, 2045.900, 2000.400
10.160, 10.155, 10.410, 10.479, 2049.500, 2001.900
10.170, 10.163, 10.415, 10.480, 2052.300, 2003.300
10.180, 10.177, 10.427, 10.493, 2054.000, 2004.100
10.190, 10.185, 10.441, 10.505, 2055.000, 2006.500
10.200, 10.196, 10.450, 10.519, 2057.300, 2009.600
10.210, 10.204, 10.459, 10.522, 2059.800, 2012.700
10.220, 10.218, 10.470, 10.540, 2064.200, 2013.600
10.230, 10.226, 10.479, 10.545, 2065.800, 2016.100
10.240, 10.234, 10.492, 10.554, 2067.000, 2017.000
10.250, 10.247, 10.507, 10.563, 2068.300, 2018.900
10.260, 10.254, 10.517, 10.574, 2069.400, 2019.900
10.270, 10.267, 10.529, 10.588, 2070.900, 2023.300
10.280, 10.276, 10.532, 10.593, 2074.000, 2026.600
10.290, 10.287, 10.543, 10.610, 2078.100, 2028.700
10.300, 10.296, 10.548, 10.620, 2078.700, 2029.100
10.310, 10.303, 10.555, 10.625, 2080.800, 2030.000
10.320, 10.317, 10.568, 10.641, 2081.900, 2033.000
10.330, 10.326, 10.571, 10.642, 2083.700, 2035.300
10.340, 10.336, 10.583, 10.655, 2084.700, 2038.700
10.350, 10.345, 10.594, 10.662, 2088.600, 2040.300
10.360, 10.353, 10.602, 10.669, 2091.200, 2041.600
10.370, 10.366, 10.619, 10.680, 2092.500, 2042.600
10.380, 10.375, 10.628, 10.688, 2094.400, 2044.600
10.390, 10.386, 10.635, 10.697, 2095.900, 2045.900
10.400, 10.394, 10.645, 10.713, 2096.500, 2049.100
10.410, 10.408, 10.662, 10.728, 2101.600, 2053.000
10.420, 10.415, 10.667, 10.734, 2103.600, 2054.100
10.430, 10.424, 10.683, 10.746, 2105.300, 2055.000
10.440, 10.435, 10.689, 10.758, 2106.800, 2057.300
10.450, 10.444, 10.695, 10.768, 2108.000, 2061.400
10.460, 10.457, 10.711, 10.780, 2109.700, 2065.000
10.470, 10.465, 10.718, 10.785, 2111.900, 2066.000
10.480, 10.477, 10.729, 10.797, 2115.900, 2067.100
10.490, 10.484, 10.731, 10.799, 2117.900, 2067.900
10.500, 10.493, 10.739, 10.809, 2119.300, 2069.200
10.510, 10.507, 10.751, 10.824, 2120.800, 2071.000
10.520, 10.515, 10.761, 10.838, 2122.200, 2073.800
10.530, 10.526, 10.771, 10.850, 2123.900, 2078.500
10.540, 10.534, 10.778, 10.858, 2127.700, 2079.200
10.550, 10.543, 10.796, 10.862, 2130.000, 2080.400
10.560, 10.556, 10.807, 10.876, 2132.600, 2082.200
10.570, 10.564, 10.816, 10.880, 2133.000, 2083.300
10.580, 10.576, 10.836, 10.893, 2134.800, 2086.700
10.590, 10.584, 10.843, 10.901, 2135.700, 2090.400
10.600, 10.597, 10.854, 10.909, 2140.600, 2092.100
10.610, 10.606, 10.857, 10.924, 2142.000, 2093.000
10.620, 10.614, 10.868, 10.927, 2143.900, 2094.300
10.630, 10.625, 10.875, 10.937, 2145.800, 2095.900
10.640, 10.633, 10.879, 10.946, 2146.200, 2097.000
10.650, 10.648, 10.892, 10.956, 2148.900, 2102.700
10.660, 10.656, 10.899, 10.969, 2151.500, 2103.600
10.670, 10.667, 10.904, 10.975, 2155.300, 2105.900
10.680, 10.676, 10.911, 10.984, 2157.300, 2107.400
10.690, 10.683, 10.924, 10.992, 2157.800, 2108.900
10.700, 10.697, 10.935, 11.007, 2159.400, 2111.700
10.710, 10.706, 10.945, 11.015, 2161.600, 2114.100
10.720, 10.717, 10.957, 11.031, 2162.700, 2116.600
10.730, 10.725, 10.960, 11.040, 2166.500, 2118.000
10.740, 10.739, 10.971, 11.061, 2169.500, 2119.900
10.750, 10.746, 10.979, 11.061, 2170.800, 2120.900
10.760, 10.755, 10.987, 11.071, 2171.600, 2122.300
10.770, 10.766, 11.003, 11.081, 2172.800, 2123.900
10.780, 10.775, 11.013, 11.093, 2174.800, 2128.700
10.790, 10.788, 11.023, 11.106, 2179.600, 2131.300
10.800, 10.796, 11.037, 11.114, 2181.600, 2132.500
10.810, 10.805, 11.047, 11.119, 2183.300, 2133.000
10.820, 10.816, 11.060, 11.130, 2184.400, 2135.100
10.830, 10.824, 11.067, 11.138, 2185.000, 2136.700
10.840, 10.838, 11.085, 11.153, 2188.100, 2141.700
10.850, 10.846, 11.092, 11.163, 2190.100, 2142.600
10.860, 10.858, 11.107, 11.176, 2194.200, 2145.200
10.870, 10.865, 11.111, 11.181, 2195.000, 2146.000
10.880, 10.874, 11.123, 11.192, 2196.800, 2146.300
10.890, 10.887, 11.134, 11.202, 2197.900, 2149.200
10.900, 10.895, 11.147, 11.206, 2199.900, 2151.000
10.910, 10.907, 11.158, 11.227, 2202.000, 2155.600
10.920, 10.914, 11.165, 11.224, 2205.500, 2157.100
10.930, 10.928, 11.176, 11.239, 2207.900, 2158.000
10.940, 10.937, 11.186, 11.253, 2209.500, 2159.400
10.950, 10.944, 11.189, 11.259, 2210.600, 2161.600
10.960, 10.956, 11.201, 11.267, 2211.900, 2163.200
10.970, 10.964, 11.209, 11.278, 2213.000, 2166.200
10.980, 10.977, 11.220, 11.285, 2216.800, 2169.300
10.990, 10.986, 11.225, 11.294, 2220.200, 2170.500
11.000, 10.994, 11.239, 11.301, 2222.000, 2171.100
11.010, 11.006, 11.252, 11.319, 2223.200, 2173.300
11.020, 11.013, 11.257, 11.324, 2223.900, 2174.900
11.030, 11.026, 11.269, 11.341, 2225.800, 2179.100
11.040, 11.036, 11.281, 11.347, 2230.100, 2182.400
11.050, 11.047, 11.286, 11.361, 2232.600, 2183.100
11.060, 11.055, 11.298, 11.374, 2234.700, 2183.900
11.070, 11.063, 11.302, 11.374, 2236.200, 2185.700
11.080, 11.077, 11.315, 11.394, 2236.900, 2187.700
11.090, 11.085, 11.323, 11.403, 2238.800, 2191.300
11.100, 11.096, 11.336, 11.413, 2241.800, 2194.300
11.110, 11.105, 11.348, 11.423, 2244.400, 2195.700
11.120, 11.118, 11.360, 11.431, 2247.400, 2197.000
11.130, 11.126, 11.362, 11.438, 2248.800, 2198.800
11.140, 11.135, 11.377, 11.447, 2248.800, 2199.800
11.150, 11.146, 11.386, 11.457, 2250.300, 2201.100
11.160, 11.154, 11.390, 11.467, 2252.300, 2205.100
11.170, 11.167, 11.410, 11.483, 2256.800, 2208.100
11.180, 11.175, 11.413, 11.487, 2258.500, 2209.600
11.190, 11.183, 11.425, 11.496, 2260.100, 2211.700
11.200, 11.194, 11.438, 11.506, 2261.900, 2213.500
11.210, 11.203, 11.449, 11.513, 2262.300, 2216.300
11.220, 11.216, 11.461, 11.525, 2265.200, 2219.000
11.230, 11.224, 11.466, 11.532, 2265.900, 2219.800
11.240, 11.236, 11.483, 11.542, 2269.700, 2222.200
11.250, 11.244, 11.489, 11.556, 2272.700, 2222.800
11.260, 11.252, 11.499, 11.566, 2273.800, 2223.900
11.270, 11.266, 11.511, 11.577, 2275.000, 2225.900
11.280, 11.274, 11.516, 11.588, 2276.400, 2228.300
11.290, 11.285, 11.522, 11.597, 2281.400, 2232.700
11.300, 11.293, 11.530, 11.601, 2283.100, 2233.000
11.310, 11.307, 11.543, 11.616, 2286.200, 2236.100
11.320, 11.316, 11.548, 11.621, 2286.800, 2236.900
11.330, 11.323, 11.555, 11.628, 2288.100, 2238.200
11.340, 11.335, 11.571, 11.640, 2290.700, 2241.500
11.350, 11.343, 11.579, 11.650, 2291.500, 2244.800
11.360, 11.356, 11.595, 11.668, 2296.200, 2246.500
11.370, 11.365, 11.606, 11.672, 2297.500, 2248.300
11.380, 11.376, 11.621, 11.686, 2299.300, 2249.000
11.390, 11.385, 11.621, 11.694, 2300.300, 2249.900
11.400, 11.392, 11.640, 11.702, 2301.100, 2251.800
11.410, 11.406, 11.652, 11.720, 2303.200, 2255.800
11.420, 11.415, 11.659, 11.728, 2307.300, 2259.700
11.430, 11.425, 11.668, 11.737, 2310.600, 2261.600
11.440, 11.434, 11.676, 11.745, 2311.900, 2261.900
11.450, 11.442, 11.681, 11.754, 2312.900, 2262.100
11.460, 11.455, 11.693, 11.768, 2314.000, 2264.700
11.470, 11.464, 11.703, 11.775, 2316.000, 2266.200
11.480, 11.475, 11.716, 11.787, 2317.600, 2267.800
11.490, 11.483, 11.726, 11.789, 2320.500, 2270.200
11.500, 11.497, 11.735, 11.806, 2324.800, 2274.000
11.510, 11.505, 11.748, 11.819, 2326.000, 2275.100
11.520, 11.513, 11.754, 11.823, 2326.300, 2276.700
11.530, 11.524, 11.763, 11.834, 2328.100, 2278.600
11.540, 11.533, 11.779, 11.842, 2329.600, 2282.000
11.550, 11.546, 11.790, 11.855, 2335.100, 2286.000
11.560, 11.554, 11.800, 11.868, 2336.000, 2287.100
11.570, 11.566, 11.815, 11.875, 2338.800, 2287.400
11.580, 11.574, 11.819, 11.887, 2339.600, 2290.000
11.590, 11.583, 11.828, 11.897, 2341.100, 2292.800
11.600, 11.596, 11.835, 11.908, 2342.700, 2297.300
11.610, 11.604, 11.843, 11.911, 2346.700, 2297.900
11.620, 11.615, 11.852, 11.925, 2348.800, 2299.300
11.630, 11.623, 11.855, 11.931, 2351.100, 2300.100
11.640, 11.632, 11.863, 11.935, 2351.800, 2300.800
11.650, 11.645, 11.879, 11.949, 2353.000, 2303.300
11.660, 11.653, 11.885, 11.963, 2353.900, 2306.000
11.670, 11.665, 11.904, 11.975, 2358.000, 2310.100
11.680, 11.673, 11.918, 11.981, 2359.800, 2311.500
11.690, 11.686, 11.920, 11.996, 2364.200, 2314.100
11.700, 11.696, 11.938, 12.005, 2364.700, 2316.800
11.710, 11.704, 11.944, 12.012, 2365.600, 2317.300
11.720, 11.715, 11.954, 12.024, 2367.800, 2320.200
11.730, 11.723, 11.968, 12.036, 2368.500, 2323.400
11.740, 11.737, 11.984, 12.046, 2373.700, 2324.300
11.750, 11.745, 11.989, 12.060, 2375.300, 2326.000
11.760, 11.756, 11.997, 12.065, 2377.500, 2326.500
11.770, 11.765, 12.004, 12.077, 2377.800, 2327.900
11.780, 11.773, 12.008, 12.087, 2378.300, 2329.200
11.790, 11.786, 12.021, 12.095, 2381.200, 2334.700
11.800, 11.795, 12.024, 12.102, 2385.500, 2337.100
11.810, 11.806, 12.038, 12.116, 2388.400, 2338.400
11.820, 11.814, 12.048, 12.128, 2390.100, 2339.300
11.830, 11.822, 12.053, 12.134, 2389.800, 2341.000
11.840, 11.836, 12.078, 12.151, 2392.800, 2344.000
11.850, 11.845, 12.083, 12.156, 2394.400, 2346.600
11.860, 11.856, 12.099, 12.168, 2397.400, 2349.100
11.870, 11.865, 12.106, 12.172, 2400.000, 2350.200
11.880, 11.878, 12.120, 12.186, 2402.200, 2352.000
11.890, 11.885, 12.125, 12.189, 2402.900, 2353.100
11.900, 11.894, 12.136, 12.206, 2404.000, 2354.600
11.910, 11.905, 12.146, 12.211, 2406.300, 2356.900
11.920, 11.914, 12.151, 12.226, 2408.900, 2360.400
11.930, 11.927, 12.163, 12.236, 2412.100, 2362.900
11.940, 11.935, 12.170, 12.243, 2414.100, 2364.600
11.950, 11.947, 12.176, 12.249, 2415.900, 2365.200
11.960, 11.954, 12.189, 12.257, 2416.400, 2367.000
11.970, 11.963, 12.199, 12.266, 2417.200, 2368.300
11.980, 11.976, 12.205, 12.275, 2419.900, 2371.000
11.990, 11.984, 12.217, 12.282, 2422.000, 2372.500
12.000, 11.996, 12.231, 12.301, 2424.400, 2376.800
12.010, 12.004, 12.230, 12.308, 2428.500, 2377.700
12.020, 12.017, 12.249, 12.324, 2429.500, 2379.300
12.030, 12.026, 12.251, 12.338, 2430.200, 2381.400
12.040, 12.034, 12.261, 12.343, 2431.700, 2383.100
12.050, 12.045, 12.274, 12.350, 2435.300, 2388.200
12.060, 12.053, 12.280, 12.360, 2438.100, 2389.000
12.070, 12.067, 12.297, 12.379, 2441.000, 2389.700
12.080, 12.075, 12.307, 12.387, 2442.200, 2391.200
12.090, 12.083, 12.313, 12.390, 2443.100, 2393.300
12.100, 12.096, 12.326, 12.403, 2444.900, 2398.600
12.110, 12.103, 12.339, 12.410, 2446.300, 2400.500
12.120, 12.116, 12.355, 12.426, 2450.100, 2402.800
12.130, 12.125, 12.363, 12.435, 2453.000, 2402.900
12.140, 12.136, 12.375, 12.441, 2454.300, 2403.500
12.150, 12.145, 12.384, 12.451, 2455.400, 2404.300
12.160, 12.152, 12.396, 12.460, 2455.800, 2407.000
12.170, 12.166, 12.408, 12.472, 2459.500, 2412.100
12.180, 12.175, 12.420, 12.479, 2462.000, 2413.800
12.190, 12.186, 12.428, 12.492, 2464.100, 2418.100
12.200, 12.195, 12.438, 12.505, 2467.400, 2418.800
12.210, 12.208, 12.456, 12.516, 2468.400, 2421.900
12.220, 12.215, 12.457, 12.517, 2469.200, 2421.800
12.230, 12.231, 12.468, 12.537, 2470.700, 2425.900
12.240, 12.239, 12.473, 12.545, 2472.100, 2427.100
12.250, 12.247, 12.478, 12.550, 2472.600, 2428.100
12.260, 12.258, 12.489, 12.558, 2473.400, 2429.000
12.270, 12.267, 12.497, 12.568, 2474.000, 2429.400
12.280, 12.275, 12.501, 12.571, 2474.700, 2431.500
12.290, 12.288, 12.514, 12.586, 2481.500, 2435.600
12.300, 12.297, 12.532, 12.599, 2487.500, 2439.300
12.310, 12.308, 12.536, 12.606, 2490.500, 2440.900
12.320, 12.316, 12.541, 12.617, 2493.300, 2442.100
12.330, 12.330, 12.556, 12.633, 2493.800, 2443.400
12.340, 12.337, 12.563, 12.640, 2495.700, 2445.300
12.350, 12.346, 12.570, 12.647, 2497.400, 2449.100
12.360, 12.357, 12.577, 12.664, 2500.000, 2452.400
12.370, 12.366, 12.587, 12.669, 2503.000, 2452.800
12.380, 12.379, 12.607, 12.688, 2505.600, 2454.600
12.390, 12.387, 12.612, 12.692, 2506.600, 2455.200
12.400, 12.399, 12.624, 12.710, 2506.800, 2456.900
12.410, 12.407, 12.628, 12.715, 2508.900, 2459.800
12.420, 12.415, 12.638, 12.723, 2511.700, 2461.100
12.430, 12.429, 12.654, 12.735, 2515.000, 2465.200
12.440, 12.437, 12.663, 12.742, 2516.700, 2467.300
12.450, 12.449, 12.676, 12.751, 2519.000, 2468.000
12.460, 12.456, 12.685, 12.764, 2519.600, 2468.900
12.470, 12.465, 12.694, 12.775, 2521.400, 2470.800
12.480, 12.478, 12.711, 12.785, 2523.600, 2472.700
12.490, 12.486, 12.718, 12.790, 2524.600, 2473.100
12.500, 12.498, 12.730, 12.803, 2529.600, 2473.800
12.510, 12.505, 12.739, 12.810, 2531.400, 2474.000
12.520, 12.519, 12.755, 12.823, 2532.500, 2474.300
12.530, 12.527, 12.766, 12.832, 2533.300, 2481.100
12.540, 12.535, 12.768, 12.839, 2535.400, 2486.300
12.550, 12.547, 12.779, 12.849, 2539.400, 2490.300
12.560, 12.555, 12.788, 12.862, 2540.800, 2492.000
12.570, 12.568, 12.797, 12.869, 2545.200, 2493.500
12.580, 12.577, 12.801, 12.879, 2546.000, 2493.800
12.590, 12.588, 12.811, 12.889, 2546.700, 2497.400
12.600, 12.596, 12.820, 12.895, 2548.100, 2501.600
12.610, 12.604, 12.829, 12.897, 2549.800, 2503.200
12.620, 12.617, 12.845, 12.917, 2554.200, 2504.600
12.630, 12.627, 12.849, 12.928, 2555.800, 2506.300
12.640, 12.638, 12.861, 12.936, 2557.400, 2506.900
12.650, 12.646, 12.870, 12.943, 2558.200, 2507.800
12.660, 12.654, 12.879, 12.953, 2559.200, 2510.400
12.670, 12.668, 12.896, 12.969, 2563.400, 2516.500
12.680, 12.676, 12.910, 12.981, 2565.900, 2519.200
12.690, 12.687, 12.921, 12.990, 2568.100, 2522.700
12.700, 12.696, 12.923, 13.003, 2569.400, 2521.900
12.710, 12.709, 12.940, 13.012, 2571.500, 2525.400
12.720, 12.717, 12.952, 13.024, 2573.400, 2526.200
12.730, 12.726, 12.957, 13.034, 2574.800, 2527.400
12.740, 12.737, 12.964, 13.040, 2577.000, 2530.000
12.750, 12.745, 12.970, 13.047, 2579.700, 2531.600
12.760, 12.760, 12.987, 13.063, 2583.400, 2532.600
12.770, 12.767, 12.990, 13.066, 2584.200, 2532.800
12.780, 12.779, 13.005, 13.079, 2584.700, 2534.900
12.790, 12.787, 13.016, 13.091, 2586.500, 2537.200
12.800, 12.796, 13.023, 13.103, 2590.900, 2541.900
12.810, 12.809, 13.041, 13.113, 2592.600, 2543.600
12.820, 12.816, 13.050, 13.120, 2595.900, 2544.600
12.830, 12.829, 13.062, 13.132, 2597.500, 2545.800
12.840, 12.836, 13.069, 13.138, 2597.300, 2547.400
12.850, 12.850, 13.085, 13.151, 2599.700, 2552.800
12.860, 12.859, 13.095, 13.166, 2602.200, 2555.200
12.870, 12.866, 13.101, 13.169, 2602.800, 2556.200
12.880, 12.878, 13.110, 13.182, 2606.800, 2557.000
12.890, 12.886, 13.114, 13.188, 2608.700, 2558.300
12.900, 12.900, 13.125, 13.197, 2609.600, 2559.100
12.910, 12.908, 13.134, 13.203, 2610.900, 2561.700
12.920, 12.916, 13.142, 13.211, 2613.600, 2564.400
12.930, 12.928, 13.155, 13.222, 2617.400, 2568.600
12.940, 12.936, 13.161, 13.231, 2618.900, 2570.000
12.950, 12.949, 13.178, 13.245, 2622.200, 2570.800
12.960, 12.958, 13.189, 13.258, 2622.700, 2571.900
12.970, 12.969, 13.199, 13.273, 2622.800, 2574.200
12.980, 12.977, 13.209, 13.278, 2626.000, 2575.800
12.990, 12.985, 13.217, 13.285, 2627.300, 2577.700
13.000, 12.999, 13.235, 13.304, 2631.100, 2582.500
13.010, 13.007, 13.246, 13.317, 2634.600, 2583.400
13.020, 13.018, 13.255, 13.322, 2635.300, 2584.000
13.030, 13.026, 13.261, 13.331, 2635.800, 2585.500
13.040, 13.040, 13.270, 13.349, 2638.400, 2589.200
13.050, 13.047, 13.277, 13.353, 2641.200, 2590.500
13.060, 13.056, 13.284, 13.364, 2643.700, 2593.700
13.070, 13.067, 13.293, 13.375, 2647.100, 2595.800
13.080, 13.076, 13.300, 13.375, 2647.700, 2597.100
13.090, 13.089, 13.311, 13.398, 2650.100, 2598.200
13.100, 13.097, 13.319, 13.403, 2651.900, 2602.900
13.110, 13.106, 13.329, 13.412, 2653.500, 2604.500
13.120, 13.116, 13.349, 13.423, 2655.700, 2607.200
13.130, 13.125, 13.357, 13.430, 2658.500, 2608.100
13.140, 13.138, 13.371, 13.439, 2659.300, 2609.800
13.150, 13.146, 13.381, 13.453, 2660.700, 2610.300
13.160, 13.159, 13.395, 13.461, 2661.800, 2612.800
13.170, 13.167, 13.399, 13.468, 2663.300, 2615.700
13.180, 13.175, 13.411, 13.477, 2667.900, 2621.400
13.190, 13.189, 13.422, 13.490, 2670.200, 2623.600
13.200, 13.196, 13.428, 13.499, 2671.500, 2623.500
13.210, 13.208, 13.437, 13.509, 2673.400, 2626.200
13.220, 13.216, 13.442, 13.521, 2674.200, 2629.000
13.230, 13.229, 13.452, 13.526, 2677.000, 2630.400
13.240, 13.238, 13.462, 13.535, 2678.300, 2633.000
13.250, 13.246, 13.469, 13.547, 2677.700, 2633.800
13.260, 13.258, 13.475, 13.560, 2681.600, 2634.500
13.270, 13.266, 13.490, 13.565, 2685.800, 2635.300
13.280, 13.279, 13.505, 13.583, 2687.400, 2636.600
13.290, 13.287, 13.507, 13.589, 2688.600, 2639.500
13.300, 13.294, 13.515, 13.597, 2691.100, 2640.800
13.310, 13.306, 13.526, 13.603, 2695.600, 2645.100
13.320, 13.314, 13.532, 13.615, 2697.800, 2646.400
13.330, 13.327, 13.545, 13.627, 2699.400, 2648.000
13.340, 13.336, 13.559, 13.647, 2700.100, 2649.700
13.350, 13.346, 13.565, 13.649, 2702.700, 2651.500
13.360, 13.356, 13.577, 13.666, 2703.900, 2655.800
13.370, 13.363, 13.587, 13.668, 2705.800, 2658.500
13.380, 13.377, 13.605, 13.683, 2709.200, 2659.500
13.390, 13.385, 13.619, 13.688, 2710.700, 2659.900
13.400, 13.396, 13.631, 13.697, 2711.900, 2661.100
13.410, 13.405, 13.641, 13.708, 2712.900, 2662.100
13.420, 13.419, 13.661, 13.727, 2717.000, 2666.100
13.430, 13.427, 13.669, 13.730, 2719.300, 2669.700
13.440, 13.435, 13.683, 13.740, 2721.500, 2671.800
13.450, 13.446, 13.696, 13.751, 2722.700, 2672.700
13.460, 13.455, 13.709, 13.764, 2725.700, 2674.100
13.470, 13.468, 13.727, 13.773, 2726.200, 2675.300
13.480, 13.476, 13.734, 13.776, 2727.300, 2677.100
13.490, 13.488, 13.751, 13.790, 2729.600, 2679.000
13.500, 13.496, 13.752, 13.803, 2731.900, 2680.200
13.510, 13.504, 13.755, 13.810, 2735.900, 2682.000
13.520, 13.518, 13.771, 13.825, 2738.200, 2684.700
13.530, 13.525, 13.777, 13.835, 2738.400, 2686.400
13.540, 13.537, 13.781, 13.842, 2738.900, 2687.500
13.550, 13.545, 13.798, 13.859, 2741.000, 2692.600
13.560, 13.553, 13.800, 13.869, 2744.800, 2694.300
13.570, 13.567, 13.819, 13.888, 2747.800, 2698.000
13.580, 13.574, 13.826, 13.894, 2750.300, 2699.600
13.590, 13.586, 13.834, 13.900, 2752.100, 2701.200
13.600, 13.594, 13.844, 13.921, 2752.700, 2702.100
13.610, 13.607, 13.853, 13.931, 2755.300, 2707.700
13.620, 13.616, 13.866, 13.942, 2757.700, 2709.400
13.630, 13.624, 13.870, 13.953, 2759.600, 2710.700
13.640, 13.636, 13.882, 13.963, 2761.800, 2712.000
13.650, 13.643, 13.895, 13.977, 2763.000, 2712.900
13.660, 13.657, 13.909, 13.988, 2763.900, 2714.000
13.670, 13.665, 13.915, 13.995, 2765.600, 2717.200
13.680, 13.676, 13.928, 14.003, 2770.600, 2725.200
13.690, 13.686, 13.932, 14.014, 2772.500, 2727.900
13.700, 13.694, 13.949, 14.025, 2774.300, 2727.900
13.710, 13.707, 13.964, 14.041, 2776.500, 2729.200
13.720, 13.716, 13.970, 14.051, 2778.100, 2730.300
13.730, 13.727, 13.986, 14.059, 2779.900, 2732.500
13.740, 13.735, 13.992, 14.064, 2781.800, 2732.900
13.750, 13.743, 14.002, 14.072, 2782.600, 2735.500
13.760, 13.757, 14.014, 14.083, 2785.000, 2737.500
13.770, 13.765, 14.027, 14.095, 2788.900, 2738.800
13.780, 13.776, 14.037, 14.106, 2788.600, 2739.200
13.790, 13.785, 14.049, 14.115, 2790.400, 2740.200
13.800, 13.798, 14.060, 14.126, 2793.100, 2743.300
13.810, 13.806, 14.063, 14.135, 2796.400, 2747.200
13.820, 13.816, 14.075, 14.144, 2800.300, 2748.900
13.830, 13.826, 14.079, 14.149, 2802.000, 2751.200
13.840, 13.835, 14.090, 14.159, 2802.600, 2751.900
13.850, 13.848, 14.099, 14.170, 2804.400, 2755.700
13.860, 13.856, 14.106, 14.180, 2806.500, 2758.900
13.870, 13.868, 14.117, 14.191, 2808.700, 2761.400
13.880, 13.876, 14.127, 14.194, 2810.700, 2762.900
13.890, 13.885, 14.140, 14.206, 2813.600, 2763.700
13.900, 13.898, 14.156, 14.222, 2815.300, 2763.600
13.910, 13.906, 14.164, 14.233, 2815.600, 2764.900
13.920, 13.918, 14.177, 14.243, 2817.100, 2766.300
13.930, 13.925, 14.181, 14.252, 2820.800, 2769.500
13.940, 13.934, 14.194, 14.264, 2823.000, 2773.600
13.950, 13.948, 14.210, 14.281, 2826.600, 2775.700
13.960, 13.956, 14.218, 14.287, 2827.400, 2777.600
13.970, 13.967, 14.222, 14.293, 2829.300, 2778.200
13.980, 13.975, 14.234, 14.304, 2829.400, 2779.000
13.990, 13.989, 14.247, 14.318, 2831.900, 2782.800
14.000, 13.997, 14.252, 14.326, 2833.700, 2784.400
14.010, 14.005, 14.260, 14.331, 2837.300, 2786.900
14.020, 14.017, 14.276, 14.346, 2840.200, 2789.000
14.030, 14.025, 14.279, 14.353, 2841.500, 2789.900
14.040, 14.038, 14.294, 14.372, 2842.500, 2790.600
14.050, 14.047, 14.305, 14.379, 2844.500, 2793.200
14.060, 14.058, 14.316, 14.386, 2848.900, 2798.400
14.070, 14.066, 14.324, 14.396, 2849.700, 2800.800
14.080, 14.074, 14.334, 14.409, 2852.500, 2802.100
14.090, 14.087, 14.350, 14.411, 2853.400, 2803.200
14.100, 14.096, 14.356, 14.423, 2856.200, 2804.100
14.110, 14.107, 14.369, 14.428, 2858.400, 2809.000
14.120, 14.116, 14.378, 14.444, 2859.900, 2811.400
14.130, 14.129, 14.391, 14.458, 2862.600, 2813.900
14.140, 14.137, 14.390, 14.464, 2864.400, 2814.700
14.150, 14.146, 14.401, 14.470, 2865.700, 2815.200
14.160, 14.156, 14.411, 14.484, 2866.500, 2816.400
14.170, 14.165, 14.416, 14.490, 2867.300, 2819.400
14.180, 14.179, 14.431, 14.500, 2871.600, 2827.300
14.190, 14.186, 14.433, 14.508, 2875.700, 2829.100
14.200, 14.195, 14.448, 14.523, 2876.200, 2829.600
14.210, 14.206, 14.459, 14.529, 2877.600, 2829.400
14.220, 14.215, 14.470, 14.542, 2879.700, 2834.400
14.230, 14.228, 14.485, 14.554, 2880.100, 2835.300
14.240, 14.236, 14.494, 14.568, 2882.000, 2836.100
14.250, 14.248, 14.510, 14.579, 2883.600, 2838.700
14.260, 14.256, 14.517, 14.584, 2884.200, 2840.200
14.270, 14.264, 14.528, 14.595, 2885.700, 2840.500
14.280, 14.278, 14.540, 14.610, 2886.500, 2842.100
14.290, 14.286, 14.545, 14.618, 2886.900, 2842.500
14.300, 14.298, 14.556, 14.628, 2887.600, 2844.400
14.310, 14.305, 14.561, 14.639, 2888.200, 2847.200
14.320, 14.319, 14.571, 14.652, 2895.300, 2852.100
14.330, 14.327, 14.577, 14.660, 2899.800, 2852.800
14.340, 14.335, 14.583, 14.668, 2901.100, 2854.700
14.350, 14.349, 14.600, 14.677, 2903.300, 2855.600
14.360, 14.357, 14.609, 14.684, 2907.800, 2861.200
14.370, 14.370, 14.625, 14.699, 2912.900, 2863.200
14.380, 14.379, 14.628, 14.709, 2914.100, 2864.900
14.390, 14.387, 14.638, 14.719, 2916.200, 2866.700
14.400, 14.398, 14.658, 14.729, 2917.700, 2867.300
14.410, 14.406, 14.663, 14.734, 2918.200, 2867.800
14.420, 14.420, 14.681, 14.749, 2920.800, 2869.300
14.430, 14.428, 14.692, 14.755, 2924.700, 2872.100
14.440, 14.439, 14.699, 14.768, 2926.800, 2876.800
14.450, 14.448, 14.704, 14.776, 2928.900, 2878.500
14.460, 14.456, 14.712, 14.784, 2930.800, 2879.800
14.470, 14.469, 14.716, 14.791, 2931.700, 2880.100
14.480, 14.479, 14.727, 14.798, 2933.000, 2880.700
14.490, 14.489, 14.737, 14.808, 2934.600, 2883.200
14.500, 14.498, 14.747, 14.821, 2937.600, 2884.700
14.510, 14.511, 14.760, 14.832, 2941.100, 2885.600
14.520, 14.519, 14.769, 14.838, 2943.500, 2886.600
14.530, 14.528, 14.776, 14.851, 2944.900, 2886.900
14.540, 14.538, 14.787, 14.863, 2945.500, 2887.600
14.550, 14.548, 14.794, 14.871, 2946.300, 2887.000
14.560, 14.561, 14.810, 14.889, 2952.700, 2898.400
14.570, 14.568, 14.812, 14.896, 2953.100, 2898.300
14.580, 14.577, 14.822, 14.907, 2955.400, 2903.200
14.590, 14.588, 14.831, 14.917, 2958.100, 2904.600
14.600, 14.597, 14.839, 14.927, 2959.500, 2905.800
14.610, 14.610, 14.860, 14.939, 2960.900, 2912.500
14.620, 14.618, 14.868, 14.947, 2962.400, 2913.700
14.630, 14.629, 14.879, 14.954, 2963.500, 2916.900
14.640, 14.637, 14.889, 14.963, 2966.300, 2917.300
14.650, 14.646, 14.896, 14.968, 2967.900, 2918.200
14.660, 14.659, 14.914, 14.987, 2969.700, 2919.900
14.670, 14.667, 14.923, 14.998, 2971.200, 2923.500
14.680, 14.679, 14.937, 15.011, 2974.500, 2931.200
14.690, 14.687, 14.942, 15.018, 2977.100, 2932.500
14.700, 14.700, 14.957, 15.030, 2979.900, 2932.900
14.710, 14.709, 14.968, 15.039, 2981.300, 2933.900
14.720, 14.717, 14.974, 15.049, 2983.100, 2936.200
14.730, 14.728, 14.990, 15.058, 2984.800, 2937.400
14.740, 14.736, 14.999, 15.059, 2986.400, 2938.400
14.750, 14.750, 15.014, 15.079, 2987.400, 2941.500
14.760, 14.759, 15.020, 15.090, 2988.700, 2943.000
14.770, 14.766, 15.028, 15.093, 2991.000, 2943.800
14.780, 14.778, 15.033, 15.108, 2994.200, 2945.000
14.790, 14.786, 15.041, 15.115, 2996.000, 2945.300
14.800, 14.799, 15.050, 15.123, 2996.900, 2947.800
14.810, 14.808, 15.060, 15.136, 3000.600, 2951.000
14.820, 14.819, 15.070, 15.142, 3004.500, 2955.900
14.830, 14.828, 15.079, 15.147, 3006.900, 2955.500
14.840, 14.835, 15.085, 15.155, 3009.000, 2957.500
14.850, 14.849, 15.101, 15.174, 3011.300, 2958.700
14.860, 14.858, 15.106, 15.181, 3011.000, 2962.100
14.870, 14.868, 15.119, 15.193, 3013.000, 2965.800
14.880, 14.878, 15.127, 15.203, 3015.500, 2968.700
14.890, 14.891, 15.139, 15.212, 3019.400, 2969.200
14.900, 14.899, 15.143, 15.225, 3019.900, 2969.600
14.910, 14.908, 15.154, 15.238, 3020.700, 2970.600
14.920, 14.919, 15.164, 15.253, 3021.900, 2971.900
14.930, 14.927, 15.178, 15.257, 3025.200, 2973.300
14.940, 14.941, 15.191, 15.269, 3028.800, 2979.000
14.950, 14.949, 15.202, 15.279, 3030.700, 2981.800
14.960, 14.960, 15.207, 15.286, 3034.400, 2982.500
14.970, 14.968, 15.217, 15.290, 3035.400, 2983.800
14.980, 14.977, 15.231, 15.301, 3035.000, 2985.700
14.990, 14.990, 15.242, 15.317, 3037.000, 2985.900
15.000, 14.998, 15.251, 15.326, 3038.800, 2987.100
15.010, 15.011, 15.264, 15.338, 3041.900, 2990.400
15.020, 15.018, 15.273, 15.346, 3044.300, 2990.400
15.030, 15.027, 15.281, 15.354, 3046.500, 2991.900
15.040, 15.040, 15.297, 15.366, 3047.900, 2995.700
15.050, 15.048, 15.304, 15.372, 3048.900, 2997.300
15.060, 15.060, 15.320, 15.385, 3052.800, 3000.700
15.070, 15.067, 15.330, 15.397, 3056.500, 3004.900
15.080, 15.081, 15.343, 15.410, 3058.900, 3008.100
15.090, 15.090, 15.350, 15.415, 3059.800, 3008.600
15.100, 15.098, 15.355, 15.420, 3062.200, 3009.300
15.110, 15.110, 15.364, 15.432, 3062.100, 3011.600
15.120, 15.117, 15.367, 15.440, 3063.600, 3016.500
15.130, 15.130, 15.378, 15.450, 3066.100, 3019.000
15.140, 15.139, 15.387, 15.465, 3069.900, 3020.200
15.150, 15.150, 15.401, 15.473, 3071.400, 3020.800
15.160, 15.158, 15.403, 15.479, 3072.600, 3022.700
15.170, 15.166, 15.420, 15.494, 3072.800, 3024.000
15.180, 15.180, 15.431, 15.507, 3075.900, 3033.100
15.190, 15.188, 15.444, 15.514, 3080.300, 3036.300
15.200, 15.199, 15.459, 15.523, 3082.100, 3036.000
15.210, 15.208, 15.464, 15.534, 3083.900, 3035.700
15.220, 15.216, 15.471, 15.545, 3083.600, 3038.100
15.230, 15.229, 15.485, 15.560, 3086.500, 3041.000
15.240, 15.238, 15.495, 15.571, 3087.900, 3040.700
15.250, 15.249, 15.504, 15.581, 3089.400, 3042.100
15.260, 15.257, 15.515, 15.591, 3090.400, 3045.600
15.270, 15.272, 15.526, 15.598, 3091.500, 3046.900
15.280, 15.279, 15.534, 15.607, 3091.400, 3047.400
15.290, 15.288, 15.543, 15.617, 3092.800, 3048.700
15.300, 15.299, 15.552, 15.625, 3095.600, 3048.400
15.310, 15.308, 15.562, 15.634, 3102.600, 3050.500
15.320, 15.321, 15.575, 15.651, 3107.100, 3057.700
15.330, 15.328, 15.582, 15.659, 3108.300, 3058.400
15.340, 15.341, 15.594, 15.669, 3110.700, 3060.600
15.350, 15.348, 15.607, 15.681, 3111.100, 3061.300
15.360, 15.357, 15.613, 15.684, 3113.100, 3061.700
15.370, 15.371, 15.630, 15.700, 3117.700, 3067.200
15.380, 15.378, 15.639, 15.707, 3118.100, 3069.200
15.390, 15.390, 15.650, 15.720, 3120.500, 3071.400
15.400, 15.398, 15.657, 15.730, 3122.800, 3072.600
15.410, 15.406, 15.663, 15.738, 3123.000, 3072.600
15.420, 15.419, 15.671, 15.749, 3124.600, 3074.300
15.430, 15.427, 15.680, 15.756, 3125.800, 3075.000
15.440, 15.439, 15.685, 15.765, 3131.200, 3078.600
15.450, 15.446, 15.697, 15.773, 3133.400, 3081.600
15.460, 15.460, 15.706, 15.784, 3135.200, 3084.200
15.470, 15.469, 15.720, 15.802, 3137.700, 3085.400
15.480, 15.476, 15.726, 15.802, 3137.900, 3086.900
15.490, 15.488, 15.740, 15.821, 3138.700, 3087.600
15.500, 15.496, 15.746, 15.821, 3140.800, 3088.900
15.510, 15.509, 15.760, 15.835, 3142.600, 3091.300
15.520, 15.518, 15.775, 15.850, 3145.000, 3092.400
15.530, 15.529, 15.787, 15.859, 3148.900, 3092.600
15.540, 15.538, 15.797, 15.867, 3150.700, 3093.000
15.550, 15.546, 15.807, 15.880, 3151.300, 3093.300
15.560, 15.559, 15.816, 15.893, 3152.300, 3096.800
15.570, 15.568, 15.824, 15.901, 3156.100, 3101.300
15.580, 15.579, 15.836, 15.914, 3161.900, 3102.900
15.590, 15.587, 15.838, 15.922, 3163.000, 3106.200
15.600, 15.601, 15.851, 15.935, 3164.000, 3112.300
15.610, 15.609, 15.859, 15.947, 3165.000, 3113.600
15.620, 15.617, 15.861, 15.955, 3166.200, 3117.200
15.630, 15.628, 15.878, 15.969, 3168.100, 3120.000
15.640, 15.637, 15.888, 15.975, 3170.200, 3123.100
15.650, 15.650, 15.906, 15.991, 3173.900, 3124.300
15.660, 15.658, 15.909, 15.990, 3174.900, 3124.300
15.670, 15.667, 15.924, 16.002, 3175.900, 3127.900
15.680, 15.677, 15.936, 16.009, 3176.500, 3133.200
15.690, 15.686, 15.942, 16.012, 3179.600, 3137.700
15.700, 15.700, 15.965, 16.028, 3183.300, 3140.800
15.710, 15.707, 15.972, 16.039, 3186.700, 3140.400
15.720, 15.719, 15.982, 16.048, 3189.400, 3139.900
15.730, 15.726, 15.986, 16.057, 3189.600, 3143.200
15.740, 15.736, 15.993, 16.066, 3191.300, 3143.500
15.750, 15.749, 16.004, 16.079, 3193.500, 3145.300
15.760, 15.757, 16.005, 16.083, 3193.400, 3146.400
15.770, 15.769, 16.014, 16.095, 3195.800, 3149.500
15.780, 15.776, 16.021, 16.097, 3196.600, 3149.400
15.790, 15.790, 16.035, 16.112, 3201.200, 3151.100
15.800, 15.799, 16.047, 16.126, 3202.500, 3151.800
15.810, 15.807, 16.048, 16.132, 3203.400, 3152.700
15.820, 15.818, 16.064, 16.148, 3207.000, 3154.700
15.830, 15.826, 16.070, 16.158, 3208.400, 3159.600
15.840, 15.840, 16.085, 16.175, 3213.500, 3162.100
15.850, 15.848, 16.092, 16.179, 3215.100, 3162.500
15.860, 15.856, 16.096, 16.185, 3215.400, 3164.000
15.870, 15.868, 16.108, 16.201, 3217.900, 3168.300
15.880, 15.876, 16.119, 16.208, 3218.800, 3171.400
15.890, 15.889, 16.125, 16.220, 3221.300, 3174.300
15.900, 15.898, 16.146, 16.235, 3223.900, 3175.200
15.910, 15.909, 16.152, 16.242, 3226.300, 3175.700
15.920, 15.918, 16.158, 16.248, 3226.700, 3176.600
15.930, 15.925, 16.174, 16.258, 3227.900, 3177.300
15.940, 15.940, 16.193, 16.268, 3233.000, 3178.500
15.950, 15.948, 16.196, 16.279, 3235.700, 3182.900
15.960, 15.959, 16.215, 16.292, 3237.400, 3187.300
15.970, 15.968, 16.218, 16.302, 3238.300, 3188.000
15.980, 15.981, 16.233, 16.314, 3241.000, 3190.000
15.990, 15.989, 16.238, 16.318, 3240.700, 3190.700
