8.000, 7.991, 7.997, 7.997, 1611.600, 1549.300
8.010, 7.999, 7.997, 7.997, 1607.800, 1548.000
8.020, 8.010, 7.997, 7.997, 1612.900, 1550.000
8.030, 8.018, 7.997, 7.997, 1614.300, 1551.300
8.040, 8.032, 7.997, 7.997, 1616.500, 1553.100
8.050, 8.040, 7.997, 7.997, 1617.800, 1554.900
8.060, 8.048, 7.997, 7.997, 1618.300, 1555.600
8.070, 8.060, 7.997, 7.997, 1620.100, 1560.400
8.080, 8.068, 7.997, 7.997, 1622.200, 1562.800
8.090, 8.081, 7.997, 7.997, 1627.200, 1564.100
8.100, 8.090, 7.997, 7.997, 1628.500, 1565.400
8.110, 8.101, 7.997, 7.997, 1630.800, 1567.100
8.120, 8.109, 7.997, 7.997, 1631.400, 1568.300
8.130, 8.117, 7.997, 7.997, 1632.300, 1569.500
8.140, 8.131, 7.997, 7.997, 1636.200, 1574.900
8.150, 8.140, 7.997, 7.997, 1639.500, 1576.800
8.160, 8.150, 7.997, 7.997, 1641.500, 1577.900
8.170, 8.159, 7.997, 7.997, 1642.700, 1579.300
8.180, 8.172, 7.997, 7.997, 1645.400, 1580.800
8.190, 8.180, 7.997, 7.997, 1650.100, 1583.100
8.200, 8.189, 7.997, 7.997, 1652.700, 1588.000
8.210, 8.200, 7.997, 7.997, 1653.100, 1588.800
8.220, 8.209, 7.997, 7.997, 1654.700, 1590.300
8.230, 8.222, 7.997, 7.997, 1656.300, 1592.600
8.240, 8.230, 7.997, 7.997, 1657.600, 1593.000
8.250, 8.238, 7.997, 7.997, 1658.800, 1593.800
8.260, 8.249, 7.997, 7.997, 1664.600, 1596.000
8.270, 8.258, 7.997, 7.997, 1666.000, 1599.900
8.280, 8.271, 7.997, 7.997, 1667.400, 1602.800
8.290, 8.279, 7.997, 7.997, 1668.600, 1604.100
8.300, 8.291, 7.997, 7.997, 1670.300, 1605.800
8.310, 8.298, 7.997, 7.997, 1671.400, 1606.700
8.320, 8.307, 7.997, 7.997, 1672.900, 1608.300
8.330, 8.321, 7.997, 7.997, 1678.700, 1613.500
8.340, 8.328, 7.997, 7.997, 1679.700, 1614.900
8.350, 8.340, 7.997, 7.997, 1681.200, 1616.700
8.360, 8.348, 7.997, 7.997, 1682.500, 1617.900
8.370, 8.361, 7.997, 7.997, 1684.500, 1619.400
8.380, 8.370, 7.997, 7.997, 1685.600, 1621.000
8.390, 8.370, 7.997, 7.997, 1685.800, 1621.400
8.400, 8.390, 7.997, 7.998, 1691.800, 1626.800
8.410, 8.398, 7.997, 7.999, 1693.000, 1628.700
8.420, 8.411, 7.997, 8.002, 1695.400, 1630.800
8.430, 8.420, 7.997, 8.004, 1696.800, 1632.100
8.440, 8.428, 7.997, 8.007, 1697.400, 1632.800
8.450, 8.440, 7.997, 8.013, 1704.300, 1638.800
8.460, 8.447, 7.997, 8.015, 1704.800, 1639.900
8.470, 8.461, 7.997, 8.022, 1705.900, 1641.800
8.480, 8.469, 7.997, 8.028, 1707.800, 1642.900
8.490, 8.480, 7.997, 8.032, 1709.700, 1646.000
8.500, 8.489, 7.997, 8.042, 1709.900, 1650.500
8.510, 8.497, 7.997, 8.054, 1713.100, 1652.700
8.520, 8.497, 7.997, 8.053, 1713.500, 1652.900
8.530, 8.520, 7.997, 8.077, 1717.500, 1655.300
8.540, 8.531, 7.997, 8.089, 1720.700, 1656.900
8.550, 8.539, 7.997, 8.100, 1721.800, 1658.100
8.560, 8.553, 7.997, 8.109, 1722.900, 1662.000
8.570, 8.560, 7.997, 8.115, 1726.800, 1665.800
8.580, 8.569, 7.997, 8.123, 1729.700, 1666.100
8.590, 8.580, 7.997, 8.135, 1730.500, 1667.500
8.600, 8.589, 7.997, 8.141, 1732.000, 1668.900
8.610, 8.602, 7.997, 8.156, 1734.700, 1671.200
8.620, 8.610, 7.997, 8.162, 1735.300, 1672.100
8.630, 8.622, 7.997, 8.175, 1737.800, 1678.100
8.640, 8.630, 7.997, 8.182, 1742.300, 1679.000
8.650, 8.638, 7.997, 8.189, 1743.000, 1680.100
8.660, 8.652, 7.997, 8.200, 1745.300, 1681.900
8.670, 8.660, 7.997, 8.211, 1746.900, 1683.300
8.680, 8.672, 7.997, 8.229, 1748.100, 1685.300
8.690, 8.679, 7.997, 8.235, 1752.600, 1688.600
8.700, 8.688, 7.997, 8.241, 1755.200, 1691.300
8.710, 8.701, 7.997, 8.254, 1755.900, 1692.700
8.720, 8.709, 7.997, 8.261, 1757.300, 1693.600
8.730, 8.721, 7.997, 8.271, 1759.500, 1695.600
8.740, 8.729, 7.997, 8.278, 1760.300, 1696.900
8.750, 8.742, 7.997, 8.294, 1762.000, 1702.100
8.760, 8.751, 7.997, 8.300, 1767.600, 1704.800
8.770, 8.759, 7.997, 8.315, 1768.500, 1705.100
8.780, 8.771, 7.997, 8.329, 1770.200, 1706.600
8.790, 8.778, 7.997, 8.336, 1771.400, 1708.100
8.800, 8.778, 7.997, 8.336, 1771.400, 1707.600
8.810, 8.800, 7.997, 8.361, 1774.300, 1710.700
8.820, 8.811, 7.997, 8.369, 1777.400, 1717.200
8.830, 8.820, 7.997, 8.384, 1781.400, 1718.000
8.840, 8.828, 7.997, 8.397, 1782.000, 1718.300
8.850, 8.841, 7.997, 8.408, 1783.900, 1720.900
8.860, 8.850, 7.997, 8.419, 1785.500, 1722.000
8.870, 8.861, 7.997, 8.430, 1787.500, 1722.900
8.880, 8.869, 7.997, 8.436, 1788.300, 1728.700
8.890, 8.877, 7.997, 8.443, 1793.000, 1729.700
8.900, 8.890, 7.997, 8.454, 1794.500, 1730.900
8.910, 8.899, 7.997, 8.467, 1797.000, 1733.200
8.920, 8.910, 7.997, 8.477, 1798.100, 1734.800
8.930, 8.919, 7.997, 8.488, 1799.800, 1735.800
8.940, 8.933, 7.997, 8.499, 1801.600, 1741.300
8.950, 8.940, 7.997, 8.504, 1806.100, 1742.500
8.960, 8.949, 7.997, 8.514, 1807.800, 1743.200
8.970, 8.960, 7.997, 8.523, 1808.900, 1745.400
8.980, 8.969, 7.997, 8.533, 1810.100, 1746.800
8.990, 8.982, 7.997, 8.549, 1812.500, 1749.900
9.000, 8.990, 7.997, 8.557, 1813.000, 1752.700
9.010, 9.002, 7.997, 8.570, 1818.400, 1755.800
9.020, 9.009, 7.997, 8.580, 1820.300, 1756.000
9.030, 9.018, 7.997, 8.587, 1821.300, 1757.300
9.040, 9.032, 7.997, 8.598, 1822.800, 1759.800
9.050, 9.039, 7.997, 8.606, 1824.600, 1760.400
9.060, 9.050, 7.997, 8.614, 1825.900, 1761.900
9.070, 9.058, 7.997, 8.625, 1826.600, 1766.300
9.080, 9.066, 7.997, 8.635, 1831.100, 1768.500
9.090, 9.080, 7.997, 8.651, 1833.800, 1770.100
9.100, 9.088, 7.997, 8.660, 1834.900, 1771.500
9.110, 9.099, 7.997, 8.674, 1837.100, 1772.900
9.120, 9.107, 7.997, 8.681, 1837.900, 1774.900
9.130, 9.121, 7.997, 8.698, 1839.600, 1778.300
9.140, 9.129, 7.997, 8.706, 1844.500, 1781.800
9.150, 9.137, 7.997, 8.718, 1846.400, 1782.000
9.160, 9.149, 7.997, 8.730, 1847.800, 1783.800
9.170, 9.157, 7.997, 8.742, 1849.000, 1785.200
9.180, 9.170, 7.997, 8.752, 1854.800, 1787.400
9.190, 9.179, 7.997, 8.763, 1855.500, 1789.600
9.200, 9.190, 7.997, 8.771, 1858.400, 1794.400
9.210, 9.199, 7.997, 8.778, 1858.900, 1795.000
9.220, 9.206, 7.997, 8.787, 1859.700, 1796.500
9.230, 9.220, 7.997, 8.801, 1862.300, 1798.200
9.240, 9.229, 7.997, 8.814, 1863.100, 1799.700
9.250, 9.239, 7.997, 8.825, 1864.700, 1801.300
9.260, 9.249, 7.997, 8.829, 1866.500, 1805.700
9.270, 9.262, 7.997, 8.842, 1871.500, 1807.700
9.280, 9.269, 7.997, 8.847, 1872.800, 1808.900
9.290, 9.278, 7.997, 8.851, 1874.400, 1810.000
9.300, 9.289, 7.997, 8.862, 1875.800, 1811.900
9.310, 9.298, 7.997, 8.873, 1877.000, 1813.000
9.320, 9.311, 7.997, 8.888, 1880.300, 1817.600
9.330, 9.319, 7.997, 8.896, 1884.400, 1820.500
9.340, 9.327, 7.997, 8.902, 1884.900, 1821.200
9.350, 9.338, 7.997, 8.912, 1887.000, 1822.200
9.360, 9.347, 7.997, 8.921, 1887.900, 1824.400
9.370, 9.360, 7.997, 8.934, 1890.000, 1825.900
9.380, 9.368, 7.997, 8.938, 1890.900, 1826.500
9.390, 9.380, 7.997, 8.953, 1895.700, 1833.000
9.400, 9.388, 7.997, 8.961, 1897.400, 1833.800
9.410, 9.396, 7.997, 8.975, 1899.000, 1834.300
9.420, 9.410, 7.997, 8.991, 1900.700, 1836.800
9.430, 9.418, 7.997, 8.997, 1902.400, 1838.000
9.440, 9.429, 7.997, 9.013, 1903.700, 1838.900
9.450, 9.437, 7.997, 9.025, 1906.900, 1843.100
9.460, 9.451, 7.997, 9.040, 1910.400, 1846.400
9.470, 9.460, 7.997, 9.047, 1912.100, 1847.600
9.480, 9.467, 7.997, 9.055, 1913.000, 1849.200
9.490, 9.479, 7.997, 9.067, 1914.900, 1851.300
9.500, 9.479, 7.997, 9.071, 1914.900, 1853.500
9.510, 9.500, 7.997, 9.086, 1918.000, 1858.000
9.520, 9.509, 7.997, 9.095, 1922.800, 1858.900
9.530, 9.517, 7.997, 9.102, 1924.200, 1860.000
9.540, 9.529, 7.997, 9.116, 1926.100, 1861.600
9.550, 9.537, 7.997, 9.127, 1926.500, 1863.000
9.560, 9.550, 7.997, 9.142, 1929.300, 1864.900
9.570, 9.559, 7.997, 9.149, 1930.600, 1867.900
9.580, 9.570, 7.997, 9.159, 1935.400, 1871.400
9.590, 9.579, 7.997, 9.166, 1936.800, 1872.200
9.600, 9.587, 7.997, 9.176, 1937.900, 1873.900
9.610, 9.600, 7.997, 9.190, 1939.800, 1875.800
9.620, 9.609, 7.997, 9.198, 1941.700, 1877.000
9.630, 9.620, 7.997, 9.204, 1942.000, 1879.600
9.640, 9.628, 7.997, 9.217, 1945.900, 1884.100
9.650, 9.642, 7.997, 9.231, 1949.200, 1885.400
9.660, 9.650, 7.997, 9.238, 1950.800, 1886.800
9.670, 9.658, 7.997, 9.247, 1951.900, 1887.900
9.680, 9.669, 7.997, 9.255, 1954.000, 1889.700
9.690, 9.669, 7.997, 9.255, 1954.100, 1889.900
9.700, 9.691, 7.997, 9.274, 1959.700, 1896.500
9.710, 9.699, 7.997, 9.280, 1962.500, 1897.600
9.720, 9.709, 7.997, 9.292, 1963.000, 1899.100
9.730, 9.719, 7.997, 9.307, 1964.600, 1900.700
9.740, 9.728, 7.997, 9.319, 1965.300, 1902.400
9.750, 9.742, 7.997, 9.335, 1967.200, 1904.200
9.760, 9.749, 7.997, 9.341, 1968.500, 1907.600
9.770, 9.761, 7.997, 9.355, 1973.800, 1910.300
9.780, 9.769, 7.997, 9.364, 1975.500, 1911.300
9.790, 9.778, 7.997, 9.376, 1976.900, 1912.900
9.800, 9.791, 7.997, 9.392, 1978.700, 1914.800
9.810, 9.799, 7.997, 9.401, 1980.100, 1916.000
9.820, 9.811, 7.997, 9.415, 1981.700, 1918.500
9.830, 9.818, 7.997, 9.423, 1984.100, 1922.700
9.840, 9.832, 7.997, 9.431, 1987.800, 1924.400
9.850, 9.840, 7.997, 9.438, 1989.200, 1925.900
9.860, 9.848, 7.997, 9.444, 1990.900, 1926.400
9.870, 9.860, 7.997, 9.461, 1992.400, 1928.600
9.880, 9.867, 7.997, 9.470, 1993.300, 1929.900
9.890, 9.881, 7.997, 9.485, 1998.400, 1935.200
9.900, 9.889, 7.997, 9.491, 2000.600, 1936.900
9.910, 9.900, 7.997, 9.498, 2002.400, 1937.900
9.920, 9.909, 7.997, 9.508, 2003.800, 1938.900
9.930, 9.917, 7.997, 9.513, 2004.100, 1940.500
9.940, 9.930, 7.997, 9.525, 2005.800, 1942.000
9.950, 9.939, 7.997, 9.535, 2007.700, 1945.800
9.960, 9.950, 7.997, 9.546, 2012.500, 1949.400
9.970, 9.959, 7.997, 9.557, 2014.400, 1949.800
9.980, 9.966, 7.997, 9.565, 2016.000, 1950.600
9.990, 9.980, 7.997, 9.574, 2017.600, 1954.100
10.000, 9.989, 7.997, 9.586, 2018.500, 1954.900
10.010, 10.000, 7.997, 9.591, 2020.000, 1957.800
10.020, 10.009, 7.997, 9.598, 2023.800, 1962.000
10.030, 10.022, 7.997, 9.617, 2027.400, 1963.200
10.040, 10.030, 7.997, 9.623, 2028.800, 1963.500
10.050, 10.039, 7.997, 9.636, 2029.100, 1966.000
10.060, 10.050, 7.997, 9.648, 2031.400, 1966.900
10.070, 10.058, 7.997, 9.658, 2032.900, 1968.400
10.080, 10.072, 7.997, 9.674, 2036.700, 1973.900
10.090, 10.079, 7.997, 9.680, 2039.000, 1974.600
10.100, 10.091, 7.997, 9.701, 2041.500, 1976.900
10.110, 10.099, 7.997, 9.708, 2042.200, 1978.100
10.120, 10.109, 7.997, 9.722, 2043.700, 1980.000
10.130, 10.122, 7.997, 9.739, 2045.700, 1981.100
10.140, 10.130, 7.997, 9.742, 2047.300, 1985.100
10.150, 10.142, 7.997, 9.758, 2052.300, 1988.100
10.160, 10.150, 7.997, 9.767, 2053.900, 1989.700
10.170, 10.158, 7.997, 9.780, 2054.400, 1990.100
10.180, 10.172, 7.997, 9.792, 2059.600, 1992.300
10.190, 10.180, 7.997, 9.801, 2062.400, 1993.600
10.200, 10.191, 7.997, 9.816, 2063.700, 1997.700
10.210, 10.199, 7.997, 9.825, 2065.600, 1999.900
10.220, 10.213, 7.997, 9.833, 2066.900, 2002.400
10.230, 10.221, 7.997, 9.844, 2068.100, 2003.700
10.240, 10.229, 7.997, 9.852, 2068.800, 2004.200
10.250, 10.241, 7.997, 9.863, 2070.700, 2007.100
10.260, 10.249, 7.997, 9.872, 2071.300, 2009.100
10.270, 10.262, 7.997, 9.889, 2077.600, 2013.500
10.280, 10.271, 7.997, 9.901, 2078.800, 2014.400
10.290, 10.282, 7.997, 9.910, 2081.000, 2015.900
10.300, 10.291, 7.997, 9.917, 2081.600, 2017.000
10.310, 10.299, 7.997, 9.923, 2082.800, 2018.800
10.320, 10.312, 7.997, 9.938, 2085.400, 2020.400
10.330, 10.321, 7.997, 9.948, 2088.900, 2025.300
10.340, 10.332, 7.997, 9.956, 2091.300, 2026.700
10.350, 10.341, 7.997, 9.966, 2093.000, 2028.500
10.360, 10.348, 7.997, 9.976, 2094.000, 2028.800
10.370, 10.361, 7.997, 9.995, 2095.600, 2031.200
10.380, 10.370, 7.997, 10.000, 2096.300, 2032.600
10.390, 10.381, 7.997, 10.010, 2100.400, 2036.000
10.400, 10.389, 7.997, 10.017, 2103.500, 2039.600
10.410, 10.403, 7.997, 10.040, 2105.200, 2041.100
10.420, 10.403, 7.997, 10.037, 2106.000, 2041.500
10.430, 10.419, 7.997, 10.058, 2107.700, 2042.900
10.440, 10.430, 7.997, 10.067, 2109.400, 2045.300
10.450, 10.439, 7.997, 10.073, 2111.100, 2047.100
10.460, 10.452, 7.997, 10.092, 2115.600, 2052.300
10.470, 10.460, 7.997, 10.098, 2118.300, 2053.000
10.480, 10.472, 7.997, 10.108, 2119.700, 2053.900
10.490, 10.480, 7.997, 10.120, 2120.600, 2056.600
10.500, 10.488, 7.997, 10.131, 2121.200, 2062.500
10.510, 10.502, 7.997, 10.144, 2123.800, 2063.500
10.520, 10.510, 7.997, 10.148, 2127.700, 2065.700
10.530, 10.522, 7.997, 10.162, 2130.500, 2066.400
10.540, 10.529, 7.997, 10.170, 2131.800, 2067.400
10.550, 10.538, 7.997, 10.173, 2132.900, 2068.000
10.560, 10.552, 7.997, 10.183, 2135.300, 2070.700
10.570, 10.559, 7.997, 10.195, 2136.600, 2071.200
10.580, 10.572, 7.997, 10.212, 2139.600, 2076.400
10.590, 10.579, 7.997, 10.214, 2142.300, 2078.600
10.600, 10.592, 7.997, 10.226, 2144.500, 2079.500
10.610, 10.601, 7.997, 10.235, 2145.600, 2081.300
10.620, 10.609, 7.997, 10.241, 2146.600, 2081.300
10.630, 10.621, 7.997, 10.252, 2147.900, 2083.700
10.640, 10.628, 7.997, 10.256, 2149.500, 2085.900
10.650, 10.643, 7.997, 10.271, 2155.200, 2091.500
10.660, 10.651, 7.997, 10.283, 2156.900, 2092.700
10.670, 10.662, 7.997, 10.292, 2157.400, 2093.700
10.680, 10.671, 7.997, 10.296, 2159.200, 2094.700
10.690, 10.679, 7.997, 10.308, 2161.100, 2096.000
10.700, 10.692, 7.997, 10.320, 2162.000, 2100.100
10.710, 10.701, 7.997, 10.329, 2166.400, 2103.400
10.720, 10.712, 7.997, 10.345, 2169.300, 2104.700
10.730, 10.720, 7.997, 10.354, 2170.600, 2106.100
10.740, 10.734, 7.997, 10.370, 2172.200, 2107.500
10.750, 10.742, 7.997, 10.377, 2173.800, 2110.700
10.760, 10.750, 7.997, 10.385, 2174.600, 2112.300
10.770, 10.761, 7.997, 10.395, 2178.600, 2115.900
10.780, 10.771, 7.997, 10.406, 2181.300, 2116.800
10.790, 10.784, 7.997, 10.414, 2183.700, 2119.200
10.800, 10.791, 7.997, 10.428, 2184.700, 2120.100
10.810, 10.800, 7.997, 10.435, 2185.500, 2121.100
10.820, 10.811, 7.997, 10.452, 2188.200, 2123.000
10.830, 10.820, 7.997, 10.457, 2190.100, 2126.500
10.840, 10.834, 7.997, 10.473, 2194.400, 2129.900
10.850, 10.841, 7.997, 10.480, 2194.900, 2131.600
10.860, 10.853, 7.997, 10.491, 2197.200, 2132.900
10.870, 10.861, 7.997, 10.496, 2198.100, 2133.400
10.880, 10.870, 7.997, 10.501, 2199.600, 2135.100
10.890, 10.883, 7.997, 10.522, 2202.600, 2139.500
10.900, 10.891, 7.997, 10.527, 2206.300, 2142.500
10.910, 10.902, 7.997, 10.543, 2208.000, 2144.000
10.920, 10.902, 7.997, 10.542, 2207.900, 2144.500
10.930, 10.923, 7.997, 10.559, 2211.500, 2146.500
10.940, 10.923, 7.997, 10.557, 2211.900, 2146.500
10.950, 10.940, 7.997, 10.571, 2213.900, 2149.600
10.960, 10.951, 7.997, 10.584, 2216.800, 2154.600
10.970, 10.959, 7.997, 10.592, 2220.500, 2155.500
10.980, 10.973, 7.997, 10.608, 2222.400, 2157.100
10.990, 10.981, 7.997, 10.617, 2223.400, 2158.200
11.000, 10.989, 7.997, 10.623, 2224.200, 2158.900
11.010, 11.001, 7.997, 10.639, 2225.700, 2162.000
11.020, 11.009, 7.997, 10.649, 2229.000, 2163.700
11.030, 11.022, 7.997, 10.666, 2232.600, 2168.200
11.040, 11.032, 7.997, 10.674, 2234.000, 2170.300
11.050, 11.042, 7.997, 10.686, 2236.200, 2171.000
11.060, 11.051, 7.997, 10.694, 2237.200, 2171.500
11.070, 11.059, 7.997, 10.703, 2239.500, 2173.800
11.080, 11.072, 7.997, 10.715, 2241.700, 2178.500
11.090, 11.081, 7.997, 10.723, 2244.200, 2181.600
11.100, 11.092, 7.997, 10.734, 2246.700, 2182.200
11.110, 11.101, 7.997, 10.743, 2248.700, 2183.000
11.120, 11.114, 7.997, 10.757, 2249.500, 2184.800
11.130, 11.122, 7.997, 10.764, 2250.400, 2186.300
11.140, 11.131, 7.997, 10.773, 2252.700, 2189.300
11.150, 11.141, 7.997, 10.787, 2257.500, 2194.200
11.160, 11.150, 7.997, 10.797, 2259.800, 2194.700
11.170, 11.163, 7.997, 10.805, 2261.500, 2196.300
11.180, 11.170, 7.997, 10.814, 2261.900, 2196.800
11.190, 11.179, 7.997, 10.822, 2263.400, 2198.500
11.200, 11.190, 7.997, 10.832, 2265.400, 2200.100
11.210, 11.198, 7.997, 10.839, 2267.100, 2204.400
11.220, 11.212, 7.997, 10.858, 2272.300, 2207.600
11.230, 11.219, 7.997, 10.862, 2273.600, 2208.700
11.240, 11.232, 7.997, 10.875, 2274.400, 2210.300
11.250, 11.239, 7.997, 10.877, 2276.000, 2212.500
11.260, 11.248, 7.997, 10.884, 2277.300, 2213.900
11.270, 11.261, 7.997, 10.897, 2282.900, 2217.500
11.280, 11.269, 7.997, 10.905, 2284.600, 2219.000
11.290, 11.281, 7.997, 10.915, 2285.800, 2221.300
11.300, 11.289, 7.997, 10.925, 2286.800, 2222.200
11.310, 11.303, 7.997, 10.940, 2290.000, 2223.200
11.320, 11.311, 7.997, 10.949, 2291.200, 2224.900
11.330, 11.319, 7.997, 10.959, 2292.500, 2227.200
11.340, 11.331, 7.997, 10.968, 2295.300, 2232.400
11.350, 11.339, 7.997, 10.981, 2297.300, 2233.300
11.360, 11.352, 7.997, 10.994, 2299.600, 2235.000
11.370, 11.361, 7.997, 11.005, 2300.400, 2235.900
11.380, 11.372, 7.997, 11.019, 2302.400, 2237.600
11.390, 11.380, 7.997, 11.025, 2303.900, 2239.400
11.400, 11.388, 7.997, 11.033, 2308.600, 2243.000
11.410, 11.402, 7.997, 11.044, 2311.000, 2246.000
11.420, 11.410, 7.997, 11.052, 2312.400, 2247.500
11.430, 11.421, 7.997, 11.065, 2314.000, 2248.600
11.440, 11.429, 7.997, 11.073, 2315.500, 2249.400
11.450, 11.437, 7.997, 11.079, 2316.300, 2251.200
11.460, 11.450, 7.997, 11.096, 2318.600, 2255.700
11.470, 11.459, 7.997, 11.106, 2323.000, 2258.900
11.480, 11.470, 7.997, 11.115, 2325.000, 2259.700
11.490, 11.479, 7.997, 11.123, 2326.300, 2261.700
11.500, 11.492, 7.997, 11.137, 2327.600, 2262.300
11.510, 11.500, 7.997, 11.143, 2328.300, 2263.800
11.520, 11.509, 7.997, 11.150, 2331.200, 2266.000
11.530, 11.519, 7.997, 11.167, 2335.200, 2267.600
11.540, 11.528, 7.997, 11.173, 2336.800, 2269.800
11.550, 11.542, 7.997, 11.187, 2339.300, 2272.900
11.560, 11.549, 7.997, 11.194, 2340.500, 2274.100
11.570, 11.562, 7.997, 11.207, 2342.800, 2277.000
11.580, 11.570, 7.997, 11.214, 2344.400, 2279.800
11.590, 11.578, 7.997, 11.220, 2346.500, 2282.900
11.600, 11.592, 7.997, 11.234, 2349.200, 2285.300
11.610, 11.599, 7.997, 11.239, 2351.100, 2287.000
11.620, 11.611, 7.997, 11.253, 2352.500, 2287.000
11.630, 11.619, 7.997, 11.264, 2353.000, 2288.400
11.640, 11.628, 7.997, 11.273, 2354.700, 2290.400
11.650, 11.641, 7.997, 11.286, 2360.000, 2294.900
11.660, 11.649, 7.997, 11.292, 2361.200, 2297.400
11.670, 11.661, 7.997, 11.307, 2363.900, 2299.200
11.680, 11.669, 7.997, 11.313, 2364.800, 2299.900
11.690, 11.682, 7.997, 11.326, 2366.000, 2300.700
11.700, 11.692, 7.997, 11.342, 2367.700, 2303.500
11.710, 11.699, 7.997, 11.349, 2369.400, 2306.700
11.720, 11.711, 7.997, 11.360, 2372.800, 2310.500
11.730, 11.719, 7.997, 11.369, 2375.700, 2311.300
11.740, 11.732, 7.997, 11.379, 2377.800, 2313.800
11.750, 11.741, 7.997, 11.386, 2378.500, 2316.000
11.760, 11.752, 7.997, 11.398, 2380.100, 2316.300
11.770, 11.761, 7.997, 11.407, 2383.800, 2319.500
11.780, 11.769, 7.997, 11.416, 2385.500, 2320.900
11.790, 11.782, 7.997, 11.430, 2388.900, 2324.100
11.800, 11.791, 7.997, 11.435, 2390.600, 2324.900
11.810, 11.801, 7.997, 11.447, 2393.100, 2326.200
11.820, 11.801, 7.997, 11.449, 2392.700, 2326.300
11.830, 11.818, 7.997, 11.460, 2394.600, 2329.400
11.840, 11.832, 7.997, 11.472, 2398.400, 2334.500
11.850, 11.840, 7.997, 11.487, 2400.800, 2336.200
11.860, 11.851, 7.997, 11.494, 2402.600, 2338.100
11.870, 11.860, 7.997, 11.509, 2403.300, 2339.000
11.880, 11.873, 7.997, 11.518, 2405.300, 2340.600
11.890, 11.881, 7.997, 11.523, 2407.200, 2342.100
11.900, 11.890, 7.997, 11.533, 2411.200, 2346.000
11.910, 11.901, 7.997, 11.539, 2413.100, 2348.400
11.920, 11.910, 7.997, 11.550, 2415.000, 2350.600
11.930, 11.923, 7.997, 11.569, 2416.700, 2351.600
11.940, 11.931, 7.997, 11.574, 2418.300, 2352.300
11.950, 11.943, 7.997, 11.587, 2419.600, 2355.200
11.960, 11.950, 7.997, 11.596, 2420.400, 2357.700
11.970, 11.959, 7.997, 11.604, 2423.700, 2361.200
11.980, 11.972, 7.997, 11.617, 2427.700, 2363.300
11.990, 11.980, 7.997, 11.627, 2429.100, 2363.500
12.000, 11.992, 7.997, 11.641, 2430.300, 2365.200
12.010, 11.999, 7.997, 11.647, 2431.700, 2366.500
12.020, 12.013, 7.997, 11.660, 2434.200, 2369.100
12.030, 12.022, 7.997, 11.672, 2438.300, 2371.100
12.040, 12.030, 7.997, 11.677, 2439.900, 2372.400
12.050, 12.041, 7.997, 11.688, 2441.700, 2376.300
12.060, 12.049, 7.997, 11.696, 2442.900, 2377.800
12.070, 12.062, 7.997, 11.706, 2446.200, 2379.500
12.080, 12.071, 7.997, 11.719, 2446.400, 2382.000
12.090, 12.079, 7.997, 11.723, 2449.200, 2384.300
12.100, 12.091, 7.997, 11.736, 2452.000, 2388.200
12.110, 12.099, 7.997, 11.745, 2453.800, 2389.000
12.120, 12.112, 7.997, 11.760, 2454.900, 2390.100
12.130, 12.121, 7.997, 11.767, 2456.600, 2390.200
12.140, 12.132, 7.997, 11.774, 2458.700, 2394.100
12.150, 12.141, 7.997, 11.785, 2461.500, 2397.500
12.160, 12.148, 7.997, 11.792, 2465.100, 2400.700
12.170, 12.162, 7.997, 11.805, 2467.100, 2402.300
12.180, 12.171, 7.997, 11.818, 2467.700, 2402.700
12.190, 12.181, 7.997, 11.824, 2469.000, 2403.200
12.200, 12.191, 7.997, 11.838, 2470.400, 2405.100
12.210, 12.204, 7.997, 11.846, 2472.800, 2410.200
12.220, 12.211, 7.997, 11.853, 2473.400, 2412.800
12.230, 12.226, 7.997, 11.870, 2478.700, 2414.500
12.240, 12.234, 7.997, 11.873, 2480.300, 2416.500
12.250, 12.242, 7.997, 11.886, 2480.800, 2419.900
12.260, 12.253, 7.997, 11.901, 2482.800, 2421.800
12.270, 12.262, 7.997, 11.909, 2487.700, 2422.800
12.280, 12.270, 7.997, 11.914, 2489.100, 2423.900
12.290, 12.283, 7.997, 11.933, 2492.300, 2427.400
12.300, 12.292, 7.997, 11.942, 2494.300, 2428.400
12.310, 12.303, 7.997, 11.951, 2495.500, 2429.200
12.320, 12.312, 7.997, 11.962, 2496.600, 2430.100
12.330, 12.325, 7.997, 11.980, 2499.500, 2434.500
12.340, 12.333, 7.997, 11.984, 2501.800, 2436.400
12.350, 12.341, 7.997, 11.993, 2504.100, 2439.600
12.360, 12.352, 7.997, 12.005, 2506.100, 2440.300
12.370, 12.362, 7.997, 12.013, 2506.600, 2441.800
12.380, 12.375, 7.997, 12.024, 2508.400, 2443.200
12.390, 12.382, 7.997, 12.028, 2510.500, 2444.400
12.400, 12.395, 7.997, 12.047, 2515.000, 2449.900
12.410, 12.402, 7.997, 12.051, 2517.000, 2452.300
12.420, 12.411, 7.997, 12.061, 2518.600, 2453.000
12.430, 12.425, 7.997, 12.077, 2520.300, 2454.900
12.440, 12.432, 7.997, 12.083, 2520.900, 2455.100
12.450, 12.444, 7.997, 12.093, 2522.700, 2457.700
12.460, 12.452, 7.997, 12.096, 2524.400, 2460.600
12.470, 12.461, 7.997, 12.108, 2528.300, 2463.800
12.480, 12.474, 7.997, 12.123, 2531.300, 2465.300
12.490, 12.481, 7.997, 12.129, 2532.200, 2466.200
12.500, 12.493, 7.997, 12.140, 2533.500, 2468.000
12.510, 12.501, 7.997, 12.154, 2534.700, 2468.700
12.520, 12.514, 7.997, 12.165, 2538.800, 2471.200
12.530, 12.523, 7.997, 12.171, 2541.800, 2473.200
12.540, 12.531, 7.997, 12.179, 2543.500, 2474.000
12.550, 12.542, 7.997, 12.191, 2544.800, 2474.600
12.560, 12.550, 7.997, 12.199, 2547.200, 2478.700
12.570, 12.564, 7.997, 12.215, 2549.000, 2481.000
12.580, 12.572, 7.997, 12.228, 2550.800, 2484.500
12.590, 12.583, 7.997, 12.238, 2553.700, 2488.100
12.600, 12.592, 7.997, 12.245, 2555.600, 2490.800
12.610, 12.600, 7.997, 12.254, 2556.600, 2491.700
12.620, 12.613, 7.997, 12.269, 2558.000, 2493.800
12.630, 12.622, 7.997, 12.280, 2559.500, 2494.000
12.640, 12.633, 7.997, 12.291, 2561.500, 2495.900
12.650, 12.642, 7.997, 12.306, 2565.500, 2500.900
12.660, 12.649, 7.997, 12.311, 2567.200, 2502.500
12.670, 12.663, 7.997, 12.323, 2569.500, 2504.500
12.680, 12.672, 7.997, 12.330, 2571.500, 2506.400
12.690, 12.682, 7.997, 12.340, 2573.000, 2507.200
12.700, 12.692, 7.997, 12.347, 2574.400, 2508.900
12.710, 12.705, 7.997, 12.359, 2576.800, 2512.800
12.720, 12.712, 7.997, 12.367, 2577.600, 2515.700
12.730, 12.721, 7.997, 12.377, 2582.400, 2518.500
12.740, 12.732, 7.997, 12.388, 2583.500, 2521.600
12.750, 12.741, 7.997, 12.396, 2583.900, 2522.300
12.760, 12.755, 7.997, 12.409, 2586.100, 2523.200
12.770, 12.763, 7.997, 12.415, 2589.100, 2525.900
12.780, 12.774, 7.997, 12.426, 2593.100, 2528.200
12.790, 12.782, 7.997, 12.435, 2594.400, 2530.300
12.800, 12.791, 7.997, 12.445, 2596.600, 2531.200
12.810, 12.804, 7.997, 12.461, 2598.200, 2532.000
12.820, 12.812, 7.997, 12.465, 2600.300, 2532.800
12.830, 12.824, 7.997, 12.477, 2600.600, 2537.000
12.840, 12.832, 7.997, 12.487, 2602.800, 2539.000
12.850, 12.845, 7.997, 12.497, 2606.000, 2542.700
12.860, 12.854, 7.997, 12.504, 2608.600, 2543.900
12.870, 12.862, 7.997, 12.513, 2609.200, 2544.000
12.880, 12.873, 7.997, 12.523, 2610.800, 2545.200
12.890, 12.881, 7.997, 12.531, 2611.900, 2547.600
12.900, 12.895, 7.997, 12.550, 2617.500, 2552.400
12.910, 12.904, 7.997, 12.558, 2618.500, 2554.900
12.920, 12.904, 7.997, 12.558, 2619.100, 2554.600
12.930, 12.924, 7.997, 12.586, 2622.300, 2556.400
12.940, 12.931, 7.997, 12.592, 2623.500, 2557.900
12.950, 12.944, 7.997, 12.606, 2625.600, 2560.100
12.960, 12.954, 7.997, 12.616, 2626.700, 2562.700
12.970, 12.964, 7.997, 12.627, 2630.300, 2567.000
12.980, 12.973, 7.997, 12.638, 2633.000, 2569.000
12.990, 12.981, 7.997, 12.644, 2634.900, 2570.100
13.000, 12.994, 7.997, 12.661, 2635.300, 2571.300
13.010, 13.003, 7.997, 12.669, 2637.400, 2571.600
13.020, 13.014, 7.997, 12.680, 2640.500, 2573.100
13.030, 13.022, 7.997, 12.695, 2643.300, 2576.200
13.040, 13.035, 7.997, 12.706, 2646.900, 2580.100
13.050, 13.043, 7.997, 12.711, 2647.800, 2581.700
13.060, 13.052, 7.997, 12.722, 2649.800, 2582.800
13.070, 13.063, 7.997, 12.727, 2650.400, 2584.500
13.080, 13.071, 7.997, 12.736, 2653.400, 2586.600
13.090, 13.085, 7.997, 12.744, 2655.300, 2590.900
13.100, 13.093, 7.997, 12.750, 2658.300, 2593.500
13.110, 13.101, 7.997, 12.761, 2659.800, 2595.000
13.120, 13.112, 7.997, 12.770, 2660.500, 2595.500
13.130, 13.121, 7.997, 12.779, 2661.600, 2597.000
13.140, 13.134, 7.997, 12.794, 2663.900, 2597.700
13.150, 13.142, 7.997, 12.800, 2667.300, 2603.800
13.160, 13.155, 7.997, 12.814, 2671.000, 2605.400
13.170, 13.162, 7.997, 12.818, 2672.100, 2606.600
13.180, 13.171, 7.997, 12.825, 2674.000, 2608.600
13.190, 13.184, 7.997, 12.838, 2676.000, 2610.000
13.200, 13.192, 7.997, 12.850, 2676.500, 2610.700
13.210, 13.204, 7.997, 12.861, 2679.200, 2615.000
13.220, 13.212, 7.997, 12.869, 2680.900, 2616.300
13.230, 13.225, 7.997, 12.887, 2684.000, 2622.200
13.240, 13.234, 7.997, 12.892, 2686.400, 2623.400
13.250, 13.241, 7.997, 12.907, 2687.200, 2627.000
13.260, 13.254, 7.997, 12.917, 2688.800, 2627.200
13.270, 13.261, 7.997, 12.925, 2690.900, 2629.000
13.280, 13.274, 7.997, 12.942, 2695.600, 2629.900
13.290, 13.282, 7.997, 12.951, 2698.400, 2632.800
13.300, 13.290, 7.997, 12.956, 2700.600, 2634.000
13.310, 13.302, 7.997, 12.967, 2702.300, 2634.600
13.320, 13.309, 7.997, 12.974, 2701.600, 2635.000
13.330, 13.323, 7.997, 12.985, 2704.400, 2637.400
13.340, 13.331, 7.997, 12.995, 2706.600, 2641.100
13.350, 13.342, 7.997, 13.006, 2709.700, 2644.100
13.360, 13.351, 7.997, 13.013, 2711.700, 2646.300
13.370, 13.359, 7.997, 13.017, 2712.000, 2647.000
13.380, 13.372, 7.997, 13.031, 2713.200, 2648.100
13.390, 13.381, 7.997, 13.040, 2714.400, 2648.400
13.400, 13.392, 7.997, 13.050, 2720.300, 2652.700
13.410, 13.401, 7.997, 13.056, 2721.400, 2656.100
13.420, 13.415, 7.997, 13.075, 2725.000, 2658.700
13.430, 13.422, 7.997, 13.082, 2725.800, 2660.300
13.440, 13.431, 7.997, 13.093, 2726.600, 2660.700
13.450, 13.442, 7.997, 13.099, 2727.200, 2662.400
13.460, 13.451, 7.997, 13.113, 2729.800, 2664.100
13.470, 13.464, 7.997, 13.125, 2732.800, 2668.600
13.480, 13.472, 7.997, 13.132, 2735.800, 2671.400
13.490, 13.484, 7.997, 13.139, 2738.300, 2672.600
13.500, 13.492, 7.997, 13.150, 2738.600, 2673.500
13.510, 13.500, 7.997, 13.155, 2739.800, 2674.300
13.520, 13.514, 7.997, 13.171, 2743.100, 2676.200
13.530, 13.521, 7.997, 13.178, 2747.200, 2677.300
13.540, 13.533, 7.997, 13.193, 2748.600, 2679.900
13.550, 13.541, 7.997, 13.202, 2752.600, 2681.200
13.560, 13.549, 7.997, 13.208, 2751.300, 2685.300
13.570, 13.562, 7.997, 13.221, 2754.600, 2684.700
13.580, 13.570, 7.997, 13.233, 2755.600, 2686.000
13.590, 13.582, 7.997, 13.243, 2756.800, 2690.400
13.600, 13.590, 7.997, 13.256, 2760.700, 2693.700
13.610, 13.590, 7.997, 13.251, 2759.300, 2694.100
13.620, 13.612, 7.997, 13.277, 2763.100, 2698.200
13.630, 13.620, 7.997, 13.285, 2763.800, 2700.000
13.640, 13.632, 7.997, 13.295, 2766.100, 2700.400
13.650, 13.639, 7.997, 13.301, 2769.100, 2704.300
13.660, 13.653, 7.997, 13.313, 2772.900, 2707.800
13.670, 13.661, 7.997, 13.323, 2774.600, 2709.700
13.680, 13.672, 7.997, 13.333, 2776.900, 2711.300
13.690, 13.682, 7.997, 13.344, 2778.800, 2712.200
13.700, 13.689, 7.997, 13.353, 2780.700, 2713.300
13.710, 13.703, 7.997, 13.366, 2781.800, 2715.800
13.720, 13.712, 7.997, 13.371, 2782.800, 2720.000
13.730, 13.722, 7.997, 13.378, 2786.000, 2725.200
13.740, 13.731, 7.997, 13.388, 2787.800, 2726.300
13.750, 13.739, 7.997, 13.391, 2789.800, 2728.300
13.760, 13.752, 7.997, 13.410, 2791.000, 2728.800
13.770, 13.761, 7.997, 13.417, 2792.200, 2732.100
13.780, 13.772, 7.997, 13.427, 2796.600, 2732.000
13.790, 13.781, 7.997, 13.438, 2799.800, 2733.800
13.800, 13.794, 7.997, 13.449, 2803.100, 2736.700
13.810, 13.802, 7.997, 13.455, 2805.100, 2738.400
13.820, 13.811, 7.997, 13.462, 2805.600, 2739.300
13.830, 13.822, 7.997, 13.472, 2807.300, 2740.600
13.840, 13.831, 7.997, 13.484, 2809.400, 2743.800
13.850, 13.844, 7.997, 13.500, 2811.200, 2747.000
13.860, 13.852, 7.997, 13.511, 2812.800, 2748.800
13.870, 13.864, 7.997, 13.514, 2815.000, 2750.700
13.880, 13.871, 7.997, 13.526, 2816.200, 2751.900
13.890, 13.881, 7.997, 13.532, 2817.200, 2751.600
13.900, 13.894, 7.997, 13.548, 2822.500, 2757.400
13.910, 13.901, 7.997, 13.549, 2824.500, 2759.500
13.920, 13.913, 7.997, 13.563, 2826.900, 2762.700
13.930, 13.921, 7.997, 13.570, 2828.800, 2763.000
13.940, 13.930, 7.997, 13.574, 2829.100, 2763.500
13.950, 13.944, 7.997, 13.587, 2830.000, 2764.500
13.960, 13.952, 7.997, 13.593, 2833.300, 2767.200
13.970, 13.963, 7.997, 13.601, 2834.400, 2771.300
13.980, 13.971, 7.997, 13.605, 2836.600, 2772.900
13.990, 13.985, 7.997, 13.618, 2840.800, 2775.700
14.000, 13.993, 7.997, 13.630, 2841.800, 2776.700
14.010, 14.001, 7.997, 13.637, 2842.500, 2777.200
14.020, 14.013, 7.997, 13.648, 2844.200, 2779.300
14.030, 14.021, 7.997, 13.658, 2848.800, 2779.300
14.040, 14.034, 7.997, 13.668, 2850.700, 2783.900
14.050, 14.043, 7.997, 13.677, 2853.900, 2785.200
14.060, 14.054, 7.997, 13.684, 2855.900, 2787.800
14.070, 14.062, 7.997, 13.694, 2856.700, 2788.900
14.080, 14.070, 7.997, 13.702, 2857.000, 2790.600
14.090, 14.083, 7.997, 13.714, 2860.200, 2793.700
14.100, 14.092, 7.997, 13.725, 2863.100, 2796.400
14.110, 14.103, 7.997, 13.738, 2864.900, 2800.800
14.120, 14.112, 7.997, 13.747, 2865.700, 2801.200
14.130, 14.125, 7.997, 13.758, 2867.700, 2802.000
14.140, 14.132, 7.997, 13.764, 2869.000, 2803.600
14.150, 14.141, 7.997, 13.775, 2870.700, 2804.900
14.160, 14.152, 7.997, 13.784, 2875.600, 2810.700
14.170, 14.161, 7.997, 13.797, 2877.200, 2812.900
14.180, 14.174, 7.997, 13.815, 2878.600, 2814.900
14.190, 14.182, 7.997, 13.823, 2880.100, 2814.900
14.200, 14.191, 7.997, 13.831, 2880.500, 2815.500
14.210, 14.202, 7.997, 13.840, 2882.600, 2817.600
14.220, 14.211, 7.997, 13.853, 2884.600, 2821.300
14.230, 14.224, 7.997, 13.865, 2885.200, 2829.500
14.240, 14.232, 7.997, 13.873, 2886.000, 2829.800
14.250, 14.244, 7.997, 13.882, 2886.600, 2833.600
14.260, 14.252, 7.997, 13.893, 2888.200, 2833.900
14.270, 14.260, 7.997, 13.901, 2890.800, 2834.400
14.280, 14.274, 7.997, 13.915, 2894.600, 2835.300
14.290, 14.282, 7.997, 13.921, 2898.500, 2836.600
14.300, 14.293, 7.997, 13.931, 2902.100, 2839.200
14.310, 14.301, 7.997, 13.938, 2903.700, 2840.000
14.320, 14.315, 7.997, 13.955, 2907.100, 2841.300
14.330, 14.323, 7.997, 13.962, 2908.200, 2843.000
14.340, 14.331, 7.997, 13.972, 2911.000, 2845.200
14.350, 14.345, 7.997, 13.984, 2914.400, 2849.000
14.360, 14.353, 7.997, 13.988, 2917.600, 2851.400
14.370, 14.366, 7.997, 14.000, 2918.000, 2854.000
14.380, 14.375, 7.997, 14.012, 2919.500, 2854.500
14.390, 14.383, 7.997, 14.017, 2920.100, 2854.200
14.400, 14.394, 7.997, 14.029, 2924.900, 2859.100
14.410, 14.402, 7.997, 14.037, 2926.600, 2862.100
14.420, 14.416, 7.997, 14.050, 2930.700, 2864.300
14.430, 14.424, 7.997, 14.060, 2932.100, 2866.600
14.440, 14.435, 7.997, 14.067, 2933.200, 2866.400
14.450, 14.444, 7.997, 14.076, 2933.300, 2868.300
14.460, 14.452, 7.997, 14.083, 2934.500, 2869.100
14.470, 14.465, 7.997, 14.093, 2937.500, 2872.400
14.480, 14.474, 7.997, 14.109, 2939.600, 2876.000
14.490, 14.485, 7.997, 14.120, 2943.100, 2878.700
14.500, 14.494, 7.997, 14.126, 2944.200, 2879.200
14.510, 14.507, 7.997, 14.142, 2946.500, 2879.900
14.520, 14.515, 7.997, 14.151, 2948.500, 2880.400
14.530, 14.524, 7.997, 14.161, 2952.300, 2881.200
14.540, 14.534, 7.997, 14.172, 2955.400, 2883.300
14.550, 14.543, 7.997, 14.182, 2956.900, 2885.000
14.560, 14.557, 7.997, 14.198, 2959.100, 2886.300
14.570, 14.564, 7.997, 14.208, 2960.100, 2886.900
14.580, 14.573, 7.997, 14.218, 2962.100, 2889.400
14.590, 14.584, 7.997, 14.225, 2963.400, 2892.600
14.600, 14.593, 7.997, 14.233, 2966.200, 2896.400
14.610, 14.606, 7.997, 14.240, 2968.500, 2901.600
14.620, 14.613, 7.997, 14.251, 2968.300, 2903.000
14.630, 14.625, 7.997, 14.262, 2970.100, 2904.800
14.640, 14.633, 7.997, 14.269, 2971.600, 2905.800
14.650, 14.642, 7.997, 14.278, 2974.600, 2908.400
14.660, 14.655, 7.997, 14.291, 2978.900, 2913.000
14.670, 14.663, 7.997, 14.295, 2980.600, 2915.100
14.680, 14.675, 7.997, 14.310, 2983.300, 2917.300
14.690, 14.683, 7.997, 14.316, 2984.700, 2918.000
14.700, 14.696, 7.997, 14.329, 2986.200, 2919.300
14.710, 14.705, 7.997, 14.340, 2987.400, 2922.300
14.720, 14.712, 7.997, 14.344, 2987.000, 2926.700
14.730, 14.724, 7.997, 14.359, 2988.800, 2931.200
14.740, 14.732, 7.997, 14.366, 2991.000, 2933.800
14.750, 14.746, 7.997, 14.378, 2995.000, 2935.400
14.760, 14.755, 7.997, 14.386, 2996.600, 2936.200
14.770, 14.762, 7.997, 14.391, 2997.400, 2937.800
14.780, 14.774, 7.997, 14.403, 3003.800, 2937.800
14.790, 14.782, 7.997, 14.411, 3004.700, 2939.100
14.800, 14.795, 7.997, 14.428, 3009.000, 2942.300
14.810, 14.804, 7.997, 14.432, 3010.500, 2944.400
14.820, 14.815, 7.997, 14.448, 3010.900, 2944.700
14.830, 14.824, 7.997, 14.462, 3014.900, 2946.500
14.840, 14.831, 7.997, 14.473, 3012.900, 2949.500
14.850, 14.845, 7.997, 14.489, 3016.300, 2952.100
14.860, 14.853, 7.997, 14.497, 3018.900, 2954.500
14.870, 14.864, 7.997, 14.509, 3021.200, 2955.900
14.880, 14.874, 7.997, 14.518, 3021.700, 2957.100
14.890, 14.887, 7.997, 14.532, 3023.800, 2959.000
14.900, 14.895, 7.997, 14.539, 3027.100, 2961.600
14.910, 14.904, 7.997, 14.546, 3030.100, 2965.400
14.920, 14.915, 7.997, 14.555, 3033.300, 2966.200
14.930, 14.923, 7.997, 14.566, 3033.600, 2968.200
14.940, 14.937, 7.997, 14.577, 3036.400, 2969.500
14.950, 14.945, 7.997, 14.586, 3037.400, 2971.000
14.960, 14.956, 7.997, 14.596, 3037.700, 2973.600
14.970, 14.964, 7.997, 14.607, 3041.000, 2976.400
14.980, 14.973, 7.997, 14.615, 3041.700, 2978.300
14.990, 14.986, 7.997, 14.627, 3047.200, 2981.000
15.000, 14.986, 7.997, 14.629, 3046.200, 2982.500
15.010, 15.007, 7.997, 14.645, 3049.200, 2984.000
15.020, 15.014, 7.997, 14.655, 3050.900, 2984.700
15.030, 15.023, 7.997, 14.663, 3053.800, 2985.900
15.040, 15.036, 7.997, 14.675, 3060.100, 2987.800
15.050, 15.044, 7.997, 14.681, 3061.100, 2989.100
15.060, 15.056, 7.997, 14.694, 3060.900, 2990.700
15.070, 15.063, 7.997, 14.701, 3063.100, 2990.300
15.080, 15.077, 7.997, 14.710, 3065.100, 2996.600
15.090, 15.086, 7.997, 14.717, 3067.000, 3000.600
15.100, 15.093, 7.997, 14.722, 3068.800, 3001.900
15.110, 15.106, 7.997, 14.735, 3070.000, 3005.600
15.120, 15.113, 7.997, 14.743, 3072.100, 3007.000
15.130, 15.126, 7.997, 14.763, 3072.900, 3008.400
15.140, 15.135, 7.997, 14.770, 3073.900, 3009.400
15.150, 15.146, 7.997, 14.784, 3077.800, 3010.700
15.160, 15.154, 7.997, 14.788, 3081.400, 3015.400
15.170, 15.162, 7.997, 14.797, 3082.700, 3017.200
15.180, 15.176, 7.997, 14.817, 3085.200, 3020.100
15.190, 15.184, 7.997, 14.823, 3086.500, 3021.000
15.200, 15.195, 7.997, 14.838, 3087.600, 3022.200
15.210, 15.204, 7.997, 14.848, 3088.100, 3023.700
15.220, 15.212, 7.997, 14.854, 3089.800, 3029.800
15.230, 15.225, 7.997, 14.868, 3092.100, 3035.900
15.240, 15.234, 7.997, 14.874, 3092.200, 3035.300
15.250, 15.245, 7.997, 14.885, 3094.600, 3038.300
15.260, 15.253, 7.997, 14.896, 3097.100, 3038.500
15.270, 15.268, 7.997, 14.908, 3103.700, 3040.500
15.280, 15.275, 7.997, 14.919, 3107.700, 3041.600
15.290, 15.284, 7.997, 14.925, 3111.100, 3042.400
15.300, 15.295, 7.997, 14.935, 3111.300, 3044.000
15.310, 15.304, 7.997, 14.945, 3113.200, 3046.000
15.320, 15.317, 7.997, 14.954, 3114.500, 3047.300
15.330, 15.325, 7.997, 14.964, 3116.800, 3049.400
15.340, 15.337, 7.997, 14.975, 3117.900, 3051.200
15.350, 15.344, 7.997, 14.982, 3120.400, 3054.700
15.360, 15.353, 7.997, 14.994, 3121.200, 3055.300
15.370, 15.367, 7.997, 15.008, 3123.900, 3059.200
15.380, 15.374, 7.997, 15.015, 3124.400, 3059.600
15.390, 15.386, 7.997, 15.025, 3126.200, 3061.000
15.400, 15.394, 7.997, 15.031, 3128.800, 3061.400
15.410, 15.402, 7.997, 15.037, 3132.900, 3067.500
15.420, 15.415, 7.997, 15.047, 3136.200, 3068.800
15.430, 15.423, 7.997, 15.059, 3137.100, 3070.800
15.440, 15.435, 7.997, 15.069, 3138.300, 3072.200
15.450, 15.442, 7.997, 15.084, 3139.900, 3072.800
15.460, 15.455, 7.997, 15.098, 3141.400, 3076.100
15.470, 15.465, 7.997, 15.104, 3143.400, 3077.100
15.480, 15.472, 7.997, 15.114, 3143.600, 3080.300
15.490, 15.484, 7.997, 15.129, 3147.700, 3083.300
15.500, 15.492, 7.997, 15.136, 3148.300, 3084.200
15.510, 15.505, 7.997, 15.149, 3151.700, 3086.000
15.520, 15.514, 7.997, 15.161, 3153.300, 3087.100
15.530, 15.525, 7.997, 15.172, 3156.700, 3088.400
15.540, 15.534, 7.997, 15.179, 3161.400, 3089.800
15.550, 15.542, 7.997, 15.186, 3162.900, 3091.000
15.560, 15.555, 7.997, 15.201, 3163.700, 3092.300
15.570, 15.564, 7.997, 15.213, 3168.100, 3092.700
15.580, 15.575, 7.997, 15.223, 3167.700, 3094.500
15.590, 15.583, 7.997, 15.231, 3169.500, 3097.900
15.600, 15.597, 7.997, 15.244, 3171.600, 3101.500
15.610, 15.605, 7.997, 15.253, 3173.700, 3102.800
15.620, 15.613, 7.997, 15.262, 3175.300, 3102.500
15.630, 15.624, 7.997, 15.270, 3176.300, 3109.300
15.640, 15.633, 7.997, 15.280, 3176.500, 3112.400
15.650, 15.646, 7.997, 15.285, 3181.400, 3115.400
15.660, 15.654, 7.997, 15.291, 3184.600, 3119.300
15.670, 15.663, 7.997, 15.299, 3186.300, 3120.700
15.680, 15.673, 7.997, 15.313, 3188.100, 3122.400
15.690, 15.682, 7.997, 15.322, 3190.500, 3123.800
15.700, 15.695, 7.997, 15.332, 3192.100, 3124.300
15.710, 15.703, 7.997, 15.338, 3192.000, 3126.400
15.720, 15.715, 7.997, 15.350, 3193.700, 3133.700
15.730, 15.723, 7.997, 15.352, 3194.800, 3136.900
15.740, 15.732, 7.997, 15.363, 3196.900, 3140.500
15.750, 15.745, 7.997, 15.375, 3200.200, 3139.200
15.760, 15.753, 7.997, 15.382, 3202.200, 3141.300
15.770, 15.765, 7.997, 15.401, 3203.500, 3143.700
15.780, 15.772, 7.997, 15.407, 3206.600, 3144.800
15.790, 15.785, 7.997, 15.420, 3212.000, 3145.600
15.800, 15.795, 7.997, 15.436, 3213.700, 3146.400
15.810, 15.803, 7.997, 15.441, 3215.500, 3148.300
15.820, 15.814, 7.997, 15.454, 3216.600, 3149.800
15.830, 15.822, 7.997, 15.461, 3219.100, 3150.500
15.840, 15.836, 7.997, 15.479, 3219.600, 3153.100
15.850, 15.844, 7.997, 15.489, 3221.300, 3156.900
15.860, 15.852, 7.997, 15.492, 3223.700, 3157.400
15.870, 15.864, 7.997, 15.504, 3226.500, 3161.800
15.880, 15.872, 7.997, 15.510, 3227.200, 3162.600
15.890, 15.885, 7.997, 15.522, 3228.900, 3163.400
15.900, 15.894, 7.997, 15.529, 3230.900, 3164.000
15.910, 15.905, 7.997, 15.541, 3236.600, 3170.500
15.920, 15.913, 7.997, 15.552, 3238.100, 3172.000
15.930, 15.921, 7.997, 15.558, 3238.600, 3173.300
15.940, 15.936, 7.997, 15.573, 3240.700, 3175.200
15.950, 15.944, 7.997, 15.578, 3242.400, 3175.700
15.960, 15.955, 7.997, 15.587, 3244.500, 3178.600
15.970, 15.964, 7.997, 15.597, 3245.600, 3180.700
15.980, 15.977, 7.997, 15.613, 3247.600, 3184.300
15.990, 15.985, 7.997, 15.619, 3249.700, 3186.700
