v_current,i_meas
1539.8,-2.982
1539.9,-2.962
1540.2,-2.952
1540.6,-2.942
1541.4,-2.932
1541.7,-2.922
1541.9,-2.912
1542.1,-2.902
1542.4,-2.892
1543.0,-2.882
1543.8,-2.852
1544.8,-2.842
1545.4,-2.832
1547.1,-2.782
1549.4,-2.792
1550.0,-2.772
1550.4,-2.762
1551.0,-2.741
1551.5,-2.721
1552.6,-2.6865
1553.2,-2.6765
1554.0,-2.671
1554.1,-2.651
1555.4,-2.612
1556.3,-2.602
1556.4,-2.592
1556.7,-2.582
1556.8,-2.571
1558.6,-2.552
1559.0,-2.542
1559.4,-2.521
1560.7,-2.532
1562.2,-2.502
1562.5,-2.481
1563.3,-2.462
1563.7,-2.451
1564.1,-2.441
1564.6,-2.431
1565.0,-2.421
1565.2,-2.412
1565.4,-2.401
1565.9,-2.391
1566.6,-2.371
1566.7,-2.371
1567.5,-2.352
1567.9,-2.332
1568.5,-2.311
1569.3,-2.291
1570.1,-2.282
1571.1,-2.261
1572.0,-2.251
1572.3,-2.241
1573.2,-2.232
1574.9,-2.221
1575.4,-2.201
1576.4,-2.191
1576.8,-2.181
1576.9,-2.161
1577.3,-2.146
1578.0,-2.131
1578.3,-2.121
1578.4,-2.111
1578.7,-2.101
1579.6,-2.082
1580.3,-2.062
1580.7,-2.037
1581.4,-2.002
1582.2,-2.012
1582.8,-1.992
1584.5,-1.982
1585.6,-1.962
1586.1,-1.952
1586.6,-1.942
1587.9,-1.932
1588.0,-1.921
1588.5,-1.911
1589.2,-1.8969999999999998
1589.3,-1.882
1589.9,-1.852
1590.8,-1.861
1591.1,-1.842
1591.6,-1.832
1592.0,-1.822
1592.1,-1.812
1592.5,-1.802
1592.6,-1.792
1592.8,-1.772
1593.4,-1.752
1593.7,-1.732
1594.6,-1.711
1595.6,-1.702
1595.9,-1.691
1596.3,-1.681
1597.6,-1.661
1598.4,-1.651
1599.2,-1.641
1600.9,-1.621
1601.9,-1.611
1602.7,-1.596
1603.2,-1.571
1603.7,-1.561
1604.0,-1.541
1604.7,-1.521
1605.0,-1.511
1605.5,-1.502
1606.2,-1.4865
1606.3,-1.471
1606.8,-1.451
1607.9,-1.421
1610.6,-1.401
1610.8,-1.391
1612.3,-1.381
1613.2,-1.361
1614.1,-1.351
1614.3,-1.341
1614.4,-1.331
1614.6,-1.321
1615.3,-1.311
1615.4,-1.301
1616.2,-1.291
1616.7,-1.281
1617.0,-1.271
1617.2,-1.251
1617.4,-1.251
1617.8,-1.231
1618.1,-1.221
1618.8,-1.211
1619.0,-1.201
1619.3,-1.181
1619.6,-1.171
1619.8,-1.161
1620.2,-1.151
1620.9,-1.131
1623.1,-1.121
1623.7,-1.111
1626.1,-1.0859999999999999
1627.1,-1.081
1627.2,-1.061
1627.4,-1.051
1627.6,-1.031
1628.1,-1.011
1629.4,-1.001
1629.5,-0.991
1629.8,-0.98
1630.2,-0.971
1630.9,-0.951
1631.5,-0.93
1631.6,-0.921
1631.7,-0.901
1632.1,-0.911
1632.6,-0.89
1633.3,-0.88
1633.8,-0.87
1634.2,-0.86
1634.6,-0.85
1634.9,-0.83
1636.5,-0.82
1637.9,-0.81
1638.3,-0.8
1638.9,-0.79
1640.6,-0.775
1640.9,-0.76
1641.1,-0.751
1641.7,-0.74
1641.8,-0.73
1642.2,-0.71
1642.5,-0.701
1643.1,-0.69
1643.2,-0.68
1643.9,-0.66
1644.6,-0.651
1644.9,-0.635
1645.3,-0.62
1645.7,-0.61
1645.8,-0.6
1646.3,-0.585
1646.6,-0.55
1647.7,-0.54
1648.3,-0.5
1648.6,-0.52
1648.7,-0.51
1650.3,-0.47
1651.4,-0.48
1652.3,-0.46
1654.8,-0.451
1655.6,-0.44
1656.6,-0.43
1657.0,-0.41100000000000003
1657.7,-0.38
1658.6,-0.365
1658.7,-0.35
1659.6,-0.34
1659.7,-0.33
1660.4,-0.32
1660.7,-0.31
1663.0,-0.3
1663.6,-0.29
1665.0,0.0
1665.3,-0.27
1666.4,-0.25
1666.5,-0.25
1666.8,-0.225
1667.5,-0.194
1668.1,-0.174
1668.5,-0.154
1669.5,-0.144
1669.6,-0.134
1669.9,-0.124
1670.4,-0.114
1671.0,-0.104
1671.4,-0.093
1671.6,-0.083
1672.8,-0.064
1673.0,-0.063
1673.6,-0.043
1675.2,-0.024
1676.5,-0.013
1677.4,-0.004
1679.3,0.013
1679.8,0.024
1680.4,0.033
1680.6,0.043
1680.7,0.054
1681.0,0.063
1681.8,0.078
1682.3,0.093
1682.4,0.114
1682.8,0.124
1683.0,0.134
1683.2,0.144
1683.8,0.154
1684.2,0.164
1684.9,0.174
1685.0,0.184
1685.5,0.194
1685.6,0.21
1686.7,0.22
1689.2,0.231
1689.6,0.251
1690.5,0.26
1691.3,0.27
1691.7,0.28
1692.3,0.31
1693.2,0.32
1694.2,0.33
1695.5,0.401
1695.8,0.411
1696.5,0.4303333333333333
1696.8,0.451
1697.5,0.47
1698.3,0.461
1698.5,0.48
1700.4,0.5
1701.3,0.51
1702.0,0.52
1703.3,0.53
1703.7,0.54
1704.7,0.55
1704.8,0.56
1705.1,0.58
1705.3,0.59
1705.4,0.6
1705.7,0.615
1706.2,0.63
1706.3,0.64
1707.3,0.651
1708.1,0.666
1708.4,0.69
1708.9,0.711
1709.4,0.721
1709.7,0.73
1709.9,0.74
1710.3,0.76
1710.5,0.77
1710.6,0.79
1714.7,0.801
1715.0,0.825
1717.0,0.84
1717.8,0.851
1718.0,0.875
1718.2,0.89
1718.3,0.901
1718.6,0.921
1719.0,0.931
1719.5,0.941
1720.0,0.951
1721.0,0.961
1721.1,0.971
1721.6,0.9943333333333332
1722.2,1.001
1722.6,1.0259999999999998
1723.1,1.041
1723.3,1.061
1725.5,1.071
1726.4,1.081
1726.7,1.091
1728.1,1.101
1729.0,1.131
1729.8,1.151
1730.1,1.161
1730.5,1.181
1730.8,1.191
1731.9,1.211
1732.6,1.221
1733.0,1.232
1733.9,1.261
1734.7,1.271
1734.9,1.2865
1735.0,1.302
1735.6,1.321
1736.6,1.3465
1736.8,1.352
1739.0,1.382
1739.9,1.391
1740.8,1.411
1742.0,1.421
1743.1,1.432
1743.2,1.442
1743.3,1.472
1744.1,1.462
1744.6,1.482
1745.0,1.502
1745.7,1.517
1746.9,1.532
1747.0,1.542
1747.1,1.552
1747.2,1.571
1747.9,1.5715
1748.8,1.591
1748.9,1.602
1749.8,1.621
1751.5,1.632
1752.3,1.642
1753.3,1.652
1753.9,1.671
1755.0,1.682
1755.6,1.697
1755.9,1.717
1756.4,1.742
1756.9,1.752
1757.4,1.782
1758.3,1.792
1759.0,1.807
1759.8,1.832
1760.2,1.832
1760.6,1.852
1760.8,1.862
1761.3,1.882
1761.6,1.902
1762.6,1.922
1764.8,1.952
1765.2,1.942
1768.0,1.967
1768.6,1.993
1769.0,2.003
1769.1,2.012
1770.0,2.033
1770.2,2.043
1770.4,2.053
1771.3,2.0725
1772.0,2.093
1772.2,2.101
1772.3,2.111
1772.8,2.121
1773.3,2.132
1773.5,2.141
1775.4,2.1609999999999996
1775.6,2.191
1776.5,2.181
1778.0,2.201
1778.1,2.2215
1779.1,2.242
1781.2,2.252
1782.0,2.312
1783.2,2.271
1784.3,2.352
1784.4,2.361
1784.7,2.371
1785.2,2.347
1785.4,2.322
1785.6,2.342
1785.7,2.402
1786.2,2.412
1786.3,2.421
1786.8,2.462
1787.1,2.452
1788.3,2.471
1789.2,2.492
1790.3,2.502
1791.5,2.522
1792.3,2.542
1793.5,2.552
1794.4,2.562
1795.3,2.582
1795.9,2.607
1796.1,2.613
1796.9,2.642
1797.2,2.652
1797.5,2.662
1797.9,2.671
1798.2,2.682
1798.3,2.692
1799.3,2.702
1799.5,2.712
1799.7,2.721
1800.1,2.732
1800.4,2.742
1800.7,2.752
1800.8,2.763
1801.6,2.772
1803.8,2.783
1804.2,2.792
1805.0,2.813
1807.3,2.823
1807.6,2.833
1807.7,2.853
1808.0,2.8680000000000003
1808.5,2.883
1808.6,2.893
1809.0,2.902
1809.6,2.933
1810.1,2.952
1810.8,2.963
1811.1,2.973
1811.6,2.983
