VPOW,MULT
1447.0,7.992
1611.6,8.0
1614.0,8.012
1615.4,8.019
1617.8,8.033
1618.7,8.041
1619.8,8.049
1621.9,8.061
1625.9,8.069
1628.1,8.082
1629.9,8.091
1630.8,8.102
1632.6,8.111
1633.5,8.118
1638.7,8.132
1640.4,8.141
1642.8,8.152
1643.5,8.161
1650.0,8.174
1652.6,8.182
1652.8,8.182
1654.8,8.202
1655.7,8.21
1657.5,8.224
1658.8,8.231
1662.8,8.24
1665.8,8.251
1666.5,8.259
1668.3,8.272
1669.6,8.28
1671.7,8.292
1673.1,8.3
1678.5,8.308
1679.6,8.322
1680.8,8.33
1682.6,8.341
1683.7,8.349
1687.3,8.363
1691.3,8.371
1692.0,8.379
1692.9,8.392
1694.6,8.399
1696.5,8.412
1697.5,8.421
1702.5,8.429
1704.8,8.441
1705.6,8.448
1707.4,8.462
1708.7,8.471
1709.9,8.482
1714.5,8.49
1717.2,8.498
1718.1,8.511
1719.3,8.521
1721.7,8.532
1722.5,8.541
1727.9,8.554
1729.7,8.562
1730.2,8.57
1732.0,8.581
1734.1,8.59
1735.5,8.603
1737.5,8.611
1742.2,8.623
1743.0,8.631
1744.7,8.639
1746.7,8.654
1747.6,8.661
1752.5,8.673
1755.0,8.681
1755.9,8.689
1757.1,8.703
1758.8,8.71
1758.9,8.71
1761.5,8.73
1766.3,8.743
1768.8,8.752
1769.4,8.76
1771.1,8.772
1772.2,8.779
1774.7,8.793
1776.1,8.801
1781.4,8.812
1782.0,8.821
1783.3,8.829
1785.2,8.842
1786.5,8.851
1788.4,8.862
1792.8,8.87
1794.8,8.878
1796.0,8.892
1797.1,8.9
1799.2,8.911
1800.9,8.92
1805.9,8.934
1807.8,8.941
1808.5,8.95
1809.4,8.961
1811.4,8.97
1813.0,8.983
1816.5,8.991
1820.4,9.003
1821.0,9.01
1821.9,9.019
1824.5,9.033
1825.7,9.04
1826.4,9.051
1830.5,9.059
1833.8,9.067
1834.6,9.081
1835.8,9.089
1837.8,9.1
1839.0,9.108
1844.7,9.122
1846.5,9.13
1847.0,9.138
1848.9,9.15
1850.6,9.158
1855.5,9.171
1857.6,9.18
1858.9,9.191
1859.5,9.2
1860.7,9.207
1862.9,9.221
1864.1,9.23
1866.8,9.24
1871.2,9.25
1872.5,9.263
1874.2,9.27
1875.7,9.279
1876.4,9.29
1878.1,9.299
1884.3,9.312
1885.0,9.32
1885.9,9.328
1887.6,9.339
1888.9,9.348
1890.9,9.361
1895.0,9.369
1897.6,9.381
1898.6,9.389
1899.8,9.397
1902.1,9.411
1903.0,9.418
1907.6,9.43
1910.1,9.438
1911.4,9.452
1912.7,9.461
1913.4,9.468
1915.7,9.48
1917.2,9.488
1922.9,9.501
1923.6,9.51
1925.3,9.518
1926.4,9.53
1928.2,9.537
1929.9,9.551
1933.6,9.559
1936.5,9.57
1937.8,9.58
1938.5,9.588
1941.0,9.601
1942.0,9.61
1946.3,9.621
1949.1,9.629
1950.2,9.643
1950.6,9.643
1953.1,9.659
1954.9,9.67
1956.7,9.679
1962.2,9.692
1963.0,9.7
1963.4,9.709
1965.7,9.72
1967.0,9.729
1969.8,9.742
1973.0,9.75
1974.7,9.762
1976.0,9.769
1977.6,9.779
1979.8,9.792
1980.7,9.799
1985.2,9.812
1987.8,9.819
1989.6,9.832
1991.0,9.841
1991.5,9.849
1993.0,9.86
1996.0,9.868
2000.5,9.882
2001.2,9.89
2003.1,9.901
2004.1,9.91
2005.5,9.918
2010.0,9.931
2013.1,9.94
2014.1,9.951
2015.5,9.959
2017.0,9.967
2018.4,9.981
2020.1,9.99
2024.8,10.001
2027.0,10.009
2028.6,10.023
2028.7,10.023
2029.6,10.039
2032.8,10.05
2035.1,10.059
2039.4,10.073
2040.4,10.08
2041.9,10.092
2042.4,10.1
2045.2,10.11
2049.1,10.123
2052.2,10.131
2053.0,10.143
2054.4,10.151
2056.2,10.16
2062.5,10.173
2063.1,10.181
2065.3,10.193
2066.1,10.2
2067.3,10.214
2068.3,10.222
2070.4,10.23
2073.2,10.243
2075.8,10.25
2078.5,10.264
2079.7,10.272
2081.4,10.283
2082.4,10.292
2083.9,10.3
2088.1,10.313
2091.5,10.322
2092.1,10.333
2093.8,10.342
2094.4,10.349
2096.8,10.362
2100.3,10.371
2100.6,10.371
2103.8,10.39
2106.3,10.404
2107.7,10.412
2110.0,10.42
2113.4,10.431
2114.6,10.44
2116.7,10.453
2118.8,10.461
2120.4,10.473
2121.3,10.481
2122.8,10.489
2128.1,10.503
2129.5,10.511
2131.7,10.523
2132.8,10.53
2133.2,10.539
2135.8,10.552
2139.3,10.56
2142.7,10.572
2143.4,10.58
2145.6,10.593
2146.6,10.602
2147.7,10.61
2152.2,10.622
2153.8,10.629
2154.8,10.629
2157.1,10.652
2158.2,10.663
2160.8,10.672
2161.8,10.68
2164.5,10.693
2168.9,10.702
2169.1,10.702
2170.9,10.721
2173.6,10.735
2175.1,10.743
2178.5,10.751
2181.4,10.762
2182.5,10.772
2183.9,10.785
2185.2,10.792
2186.8,10.801
2187.1,10.801
2192.5,10.821
2195.3,10.834
2196.3,10.842
2197.6,10.854
2200.0,10.862
2202.6,10.87
2206.3,10.884
2207.6,10.891
2208.8,10.903
2210.4,10.911
2214.6,10.924
2216.1,10.933
2217.5,10.94
2219.6,10.952
2221.4,10.96
2222.8,10.974
2223.8,10.982
2225.8,10.99
2230.2,11.002
2231.9,11.01
2233.8,11.023
2235.7,11.032
2236.2,11.043
2237.6,11.052
2241.0,11.059
2245.2,11.073
2246.9,11.082
2248.3,11.092
2248.9,11.101
2251.7,11.115
2255.4,11.122
2257.3,11.131
2258.8,11.142
2260.7,11.151
2261.9,11.163
2262.8,11.171
2264.4,11.18
2266.0,11.19
2267.6,11.199
2271.3,11.212
2273.1,11.22
2275.5,11.232
2277.4,11.24
2280.9,11.249
2284.5,11.262
2285.3,11.27
2287.0,11.282
2287.4,11.289
2291.3,11.303
2293.3,11.312
2296.4,11.32
2298.5,11.332
2299.3,11.34
2300.0,11.353
2303.1,11.362
2306.2,11.373
2309.1,11.381
2310.7,11.389
2312.4,11.402
2314.0,11.411
2317.4,11.422
2318.7,11.43
2319.7,11.438
2323.1,11.451
2324.1,11.46
2325.9,11.471
2326.0,11.479
2329.4,11.493
2332.8,11.501
2334.8,11.509
2336.9,11.52
2338.2,11.529
2339.5,11.542
2339.9,11.55
2345.7,11.563
2346.3,11.57
2349.0,11.579
2349.2,11.579
2351.9,11.6
2353.5,11.612
2356.2,11.62
2359.2,11.629
2361.7,11.642
2363.3,11.65
2364.7,11.662
2365.5,11.669
2368.0,11.683
2368.7,11.693
2371.4,11.7
2375.2,11.712
2377.1,11.72
2378.6,11.733
2380.8,11.742
2384.6,11.752
2386.6,11.762
2388.4,11.769
2389.8,11.782
2390.6,11.791
2392.2,11.802
2396.5,11.811
2398.1,11.818
2401.4,11.833
2402.7,11.841
2403.1,11.852
2404.6,11.861
2408.5,11.874
2411.4,11.882
2413.6,11.891
2414.3,11.902
2418.7,11.91
2421.3,11.924
2421.8,11.932
2423.8,11.943
2424.2,11.951
2426.6,11.96
2428.2,11.973
2429.3,11.98
2431.8,11.992
2434.2,12.0
2438.5,12.013
2440.2,12.023
2440.4,12.03
2440.9,12.03
2442.7,12.05
2447.4,12.063
2449.7,12.072
2452.5,12.079
2453.3,12.092
2454.8,12.1
2456.2,12.113
2458.8,12.122
2462.6,12.133
2464.3,12.141
2465.3,12.149
2467.8,12.163
2468.0,12.171
2470.0,12.182
2472.1,12.191
2473.3,12.204
2474.2,12.212
2480.1,12.228
2481.6,12.235
2484.1,12.244
2488.2,12.255
2490.0,12.264
2490.9,12.271
2493.3,12.284
2494.1,12.293
2498.1,12.304
2500.9,12.313
2502.7,12.326
2505.3,12.334
2506.2,12.343
2507.0,12.353
2508.9,12.363
2513.7,12.376
2514.8,12.384
2518.1,12.396
2521.1,12.412
2524.9,12.426
2525.7,12.434
2527.0,12.445
2529.1,12.453
2531.4,12.462
2532.1,12.475
2533.1,12.483
2536.3,12.494
2539.4,12.502
2541.7,12.515
2543.5,12.524
2543.9,12.532
2545.2,12.543
2547.1,12.551
2552.5,12.565
2553.3,12.573
2555.6,12.584
2556.7,12.593
2558.0,12.601
2560.1,12.614
2563.0,12.624
2565.9,12.634
2567.6,12.643
2569.1,12.651
2570.4,12.664
2571.3,12.673
2572.7,12.684
2574.5,12.693
2578.7,12.706
2579.7,12.714
2583.0,12.723
2584.3,12.733
2586.3,12.742
2590.9,12.756
2592.5,12.764
2594.3,12.776
2595.0,12.776
2597.0,12.792
2599.0,12.806
2603.1,12.813
2605.1,12.825
2606.4,12.833
2608.4,12.846
2610.0,12.855
2611.5,12.863
2614.5,12.875
2617.7,12.882
2621.9,12.896
2624.2,12.905
2625.8,12.913
2627.9,12.925
2629.2,12.932
2630.0,12.946
2631.8,12.955
2633.9,12.965
2634.4,12.974
2635.2,12.982
2637.7,12.995
2641.9,13.004
2643.9,13.015
2646.0,13.023
2647.7,13.036
2648.0,13.044
2649.3,13.053
2654.0,13.064
2656.6,13.073
2659.2,13.086
2659.6,13.094
2660.9,13.102
2663.6,13.113
2664.6,13.122
2669.0,13.135
2671.2,13.143
2672.3,13.156
2673.9,13.163
2674.3,13.172
2676.2,13.185
2677.3,13.193
2679.7,13.205
2680.2,13.213
2682.3,13.226
2685.7,13.243
2691.3,13.255
2695.3,13.262
2698.3,13.276
2698.9,13.291
2701.6,13.303
2706.1,13.311
2707.6,13.324
2709.5,13.333
2711.0,13.343
2713.0,13.353
2713.7,13.36
2716.5,13.373
2719.5,13.382
2724.0,13.393
2728.0,13.402
2729.3,13.416
2731.3,13.432
2733.2,13.443
2733.5,13.452
2737.0,13.465
2737.7,13.473
2738.7,13.485
2741.5,13.493
2743.0,13.501
2746.4,13.515
2748.4,13.522
2749.9,13.534
2751.5,13.542
2752.5,13.55
2753.1,13.55
2758.6,13.571
2760.1,13.583
2762.6,13.591
2764.4,13.604
2764.5,13.613
2767.6,13.621
2771.3,13.633
2772.6,13.64
2775.5,13.654
2776.5,13.662
2777.8,13.673
2778.0,13.683
2779.8,13.691
2782.0,13.704
2784.3,13.713
2787.9,13.723
2789.7,13.732
2791.5,13.74
2794.7,13.753
2797.6,13.762
2799.4,13.773
2801.5,13.782
2802.7,13.795
2803.3,13.803
2808.4,13.813
2810.6,13.823
2811.6,13.832
2814.2,13.845
2815.6,13.853
2817.8,13.865
2819.1,13.872
2822.8,13.882
2829.5,13.895
2829.6,13.902
2831.2,13.915
2833.8,13.922
2834.9,13.931
2835.8,13.945
2836.9,13.953
2839.5,13.968
2842.0,13.986
2843.9,13.994
2845.3,14.002
2849.3,14.014
2850.5,14.022
2852.7,14.035
2854.0,14.044
2855.8,14.055
2858.8,14.063
2861.8,14.071
2862.6,14.084
2865.1,14.093
2867.4,14.104
2868.6,14.113
2871.6,14.126
2873.8,14.133
2875.6,14.143
2877.9,14.153
2878.8,14.162
2880.0,14.175
2880.7,14.183
2881.3,14.192
2883.6,14.203
2885.4,14.212
2886.6,14.225
2887.0,14.233
2888.7,14.245
2891.4,14.253
2896.8,14.261
2900.2,14.261
2902.6,14.283
2904.7,14.294
2906.5,14.302
2911.4,14.316
2914.4,14.324
2914.7,14.332
2917.2,14.346
2918.6,14.354
2920.5,14.367
2923.7,14.376
2927.3,14.384
2931.3,14.396
2934.9,14.403
2935.0,14.417
2937.0,14.425
2937.6,14.436
2938.9,14.445
2939.7,14.453
2942.0,14.466
2943.5,14.476
2945.6,14.486
2947.1,14.495
2951.4,14.508
2952.7,14.516
2955.2,14.525
2956.7,14.536
2958.3,14.545
2959.6,14.558
2964.1,14.566
2965.2,14.574
2966.3,14.585
2969.3,14.594
2970.6,14.607
2971.9,14.615
2974.8,14.626
2977.1,14.634
2978.6,14.643
2981.4,14.656
2983.7,14.664
2984.4,14.676
2984.8,14.684
2986.0,14.697
2987.2,14.706
2989.0,14.714
2991.3,14.733
2996.9,14.747
3001.2,14.756
3003.7,14.763
3004.9,14.775
3007.8,14.783
3008.2,14.796
3010.1,14.805
3015.2,14.816
3017.0,14.825
3017.2,14.832
3019.9,14.846
3021.8,14.855
3023.8,14.865
3026.6,14.875
3032.6,14.888
3036.5,14.896
3036.7,14.905
3039.0,14.916
3040.5,14.938
3042.0,14.946
3042.7,14.958
3042.8,14.958
3046.5,14.974
3048.0,14.987
3052.8,14.995
3054.2,15.008
3055.2,15.016
3057.6,15.024
3059.7,15.038
3060.5,15.045
3062.8,15.057
3065.6,15.065
3068.2,15.078
3068.9,15.087
3071.6,15.095
3073.6,15.107
3074.3,15.114
3077.5,15.128
3080.2,15.136
3083.0,15.147
3083.8,15.156
3084.2,15.156
3086.2,15.177
3087.2,15.185
3088.6,15.196
3089.8,15.205
3091.1,15.213
3092.2,15.235
3094.0,15.246
3095.1,15.255
3102.9,15.269
3104.7,15.276
3107.4,15.285
3108.7,15.296
3112.0,15.305
3118.2,15.318
3119.8,15.326
3120.9,15.338
3123.1,15.346
3125.2,15.354
3127.0,15.368
3131.7,15.375
3136.2,15.387
3138.6,15.403
3143.0,15.416
3143.2,15.424
3144.2,15.436
3145.0,15.444
3146.0,15.457
3147.1,15.466
3148.3,15.473
3150.5,15.485
3152.7,15.493
3156.8,15.506
3158.3,15.515
3159.3,15.526
3162.3,15.535
3163.1,15.543
3164.4,15.556
3168.9,15.565
3171.8,15.58
3175.0,15.598
3175.1,15.598
3177.6,15.614
3178.8,15.625
3180.5,15.625
3185.2,15.647
3188.2,15.655
3189.9,15.674
3191.1,15.683
3192.0,15.704
3194.1,15.716
3196.2,15.733
3197.5,15.746
3203.0,15.754
3208.3,15.766
3211.0,15.773
3212.0,15.787
3214.5,15.796
3216.5,15.804
3218.9,15.816
3223.0,15.823
3223.4,15.837
3225.2,15.845
3227.1,15.853
3229.6,15.865
3231.1,15.873
3238.5,15.886
3241.7,15.895
3244.5,15.915
3245.8,15.922
3246.3,15.937
3248.2,15.945
3248.9,15.956
3250.0,15.965
3252.5,15.978
3254.7,15.986
