VBAT,MULT
1482.7,7.992
1607.6,8.0
1612.3,8.012
1614.1,8.019
1616.2,8.033
1617.3,8.041
1618.5,8.049
1619.9,8.061
1621.8,8.069
1626.6,8.082
1628.1,8.091
1630.0,8.102
1631.4,8.111
1632.4,8.118
1635.2,8.132
1639.5,8.141
1641.1,8.152
1642.6,8.161
1645.1,8.174
1649.5,8.182
1650.6,8.182
1652.2,8.202
1654.2,8.21
1656.3,8.224
1657.6,8.231
1658.8,8.24
1663.1,8.251
1665.8,8.259
1667.2,8.272
1668.6,8.28
1670.1,8.292
1671.2,8.3
1673.7,8.308
1678.7,8.322
1679.2,8.33
1681.0,8.341
1682.0,8.349
1684.1,8.363
1685.5,8.371
1690.7,8.379
1692.2,8.392
1692.9,8.399
1695.0,8.412
1696.7,8.421
1697.5,8.429
1704.0,8.441
1705.0,8.448
1705.9,8.462
1707.1,8.471
1709.2,8.482
1709.9,8.49
1712.0,8.498
1717.2,8.511
1718.1,8.521
1720.1,8.532
1721.9,8.541
1722.9,8.554
1726.5,8.562
1729.7,8.57
1730.4,8.581
1731.9,8.59
1734.5,8.603
1735.6,8.611
1737.1,8.623
1741.8,8.631
1743.0,8.639
1745.0,8.654
1746.8,8.661
1748.2,8.673
1752.1,8.681
1755.1,8.689
1756.0,8.703
1757.2,8.71
1759.6,8.73
1761.8,8.743
1765.8,8.752
1769.0,8.76
1769.6,8.772
1771.0,8.779
1772.9,8.793
1774.3,8.801
1776.7,8.812
1781.3,8.821
1782.0,8.829
1783.7,8.842
1784.8,8.851
1786.7,8.862
1787.9,8.87
1791.5,8.878
1794.4,8.892
1796.3,8.9
1797.3,8.911
1799.4,8.92
1800.7,8.934
1804.7,8.941
1808.0,8.95
1808.6,8.961
1809.7,8.97
1812.4,8.983
1812.9,8.991
1815.3,9.003
1820.2,9.01
1820.6,9.019
1822.5,9.033
1824.2,9.04
1825.9,9.055
1829.1,9.067
1833.7,9.081
1834.9,9.089
1836.6,9.1
1837.8,9.108
1838.9,9.122
1842.8,9.13
1846.4,9.138
1847.2,9.15
1848.6,9.158
1852.4,9.171
1856.0,9.18
1858.2,9.191
1858.9,9.2
1859.2,9.207
1861.8,9.221
1862.9,9.23
1863.9,9.24
1865.1,9.25
1870.8,9.263
1872.1,9.27
1873.9,9.279
1875.7,9.29
1876.6,9.299
1879.1,9.312
1883.5,9.32
1884.7,9.328
1886.4,9.339
1887.7,9.348
1889.7,9.361
1890.8,9.369
1895.4,9.381
1897.3,9.389
1898.5,9.397
1900.5,9.411
1901.5,9.418
1903.7,9.43
1904.5,9.438
1910.4,9.452
1911.7,9.461
1913.0,9.468
1914.0,9.48
1915.5,9.488
1916.9,9.501
1922.2,9.51
1923.9,9.518
1925.7,9.53
1926.2,9.537
1928.5,9.551
1929.9,9.559
1933.9,9.57
1936.7,9.58
1937.5,9.588
1939.0,9.601
1940.9,9.61
1941.9,9.621
1944.8,9.629
1949.0,9.643
1950.0,9.643
1951.4,9.659
1953.8,9.67
1954.8,9.679
1959.2,9.692
1961.8,9.7
1963.1,9.709
1964.1,9.72
1965.3,9.729
1966.8,9.742
1968.0,9.75
1973.7,9.762
1974.3,9.769
1976.7,9.779
1978.5,9.792
1979.7,9.799
1981.3,9.812
1983.6,9.819
1988.1,9.832
1989.6,9.841
1991.1,9.849
1991.8,9.86
1993.0,9.868
1996.7,9.882
1999.9,9.89
2001.2,9.901
2003.6,9.91
2004.2,9.918
2006.0,9.931
2007.8,9.94
2011.8,9.951
2014.1,9.959
2015.3,9.967
2016.8,9.981
2018.0,9.99
2020.0,10.001
2023.5,10.009
2027.0,10.023
2027.5,10.023
2029.0,10.039
2030.6,10.05
2032.6,10.059
2034.3,10.073
2038.9,10.08
2040.9,10.092
2042.0,10.1
2043.3,10.11
2045.4,10.123
2046.6,10.131
2052.4,10.143
2052.9,10.151
2054.3,10.16
2058.4,10.173
2062.5,10.181
2062.9,10.193
2065.1,10.2
2066.7,10.214
2067.9,10.222
2068.3,10.23
2070.5,10.243
2071.3,10.25
2076.5,10.264
2078.1,10.272
2080.1,10.283
2081.5,10.292
2082.6,10.3
2084.9,10.313
2086.7,10.322
2091.1,10.333
2092.3,10.342
2093.7,10.349
2095.2,10.362
2096.0,10.371
2102.8,10.39
2104.7,10.404
2106.4,10.412
2107.6,10.42
2108.4,10.431
2109.9,10.44
2115.0,10.453
2117.3,10.461
2119.4,10.473
2120.4,10.481
2121.0,10.489
2122.9,10.503
2127.2,10.511
2130.0,10.523
2130.9,10.53
2132.7,10.539
2134.3,10.552
2136.1,10.56
2138.6,10.572
2141.6,10.58
2144.0,10.593
2145.8,10.602
2146.4,10.61
2147.8,10.622
2149.3,10.629
2149.4,10.629
2156.4,10.652
2157.9,10.663
2158.8,10.672
2160.6,10.68
2162.3,10.693
2165.8,10.702
2166.1,10.702
2170.0,10.721
2171.7,10.735
2173.1,10.743
2174.5,10.751
2178.6,10.762
2180.9,10.772
2183.3,10.785
2184.1,10.792
2185.8,10.801
2186.0,10.801
2188.1,10.821
2193.8,10.834
2195.2,10.842
2196.7,10.854
2197.8,10.862
2199.7,10.87
2202.7,10.884
2206.1,10.891
2208.0,10.903
2209.5,10.911
2210.8,10.924
2211.9,10.933
2213.6,10.94
2215.2,10.952
2219.4,10.96
2222.4,10.974
2223.3,10.982
2223.5,10.99
2225.4,11.002
2228.7,11.01
2232.3,11.023
2233.8,11.032
2236.1,11.043
2236.8,11.052
2238.2,11.059
2240.5,11.073
2243.3,11.082
2246.1,11.092
2248.0,11.101
2249.1,11.115
2250.4,11.122
2252.2,11.131
2256.9,11.142
2258.7,11.151
2261.3,11.163
2261.7,11.171
2263.3,11.18
2264.3,11.19
2266.0,11.199
2270.7,11.212
2272.3,11.22
2274.5,11.232
2275.5,11.24
2276.5,11.249
2281.2,11.262
2283.4,11.27
2285.7,11.282
2286.7,11.289
2288.7,11.303
2290.1,11.312
2291.9,11.32
2296.1,11.332
2297.3,11.34
2299.7,11.353
2300.5,11.362
2302.3,11.373
2303.6,11.381
2307.2,11.389
2310.9,11.402
2312.1,11.411
2313.1,11.422
2315.3,11.43
2315.5,11.438
2318.5,11.451
2321.5,11.46
2324.4,11.471
2325.9,11.479
2327.5,11.493
2328.0,11.501
2330.5,11.509
2335.0,11.52
2335.9,11.529
2338.9,11.542
2340.6,11.55
2341.6,11.563
2342.7,11.57
2345.6,11.579
2345.7,11.579
2350.3,11.6
2352.3,11.612
2353.0,11.62
2354.6,11.629
2360.0,11.642
2360.8,11.65
2363.5,11.662
2364.8,11.669
2365.8,11.683
2367.8,11.693
2368.6,11.7
2372.7,11.712
2375.4,11.72
2377.4,11.733
2378.5,11.742
2379.3,11.752
2383.5,11.762
2385.6,11.769
2388.6,11.782
2389.8,11.791
2391.3,11.802
2392.4,11.811
2394.7,11.818
2397.3,11.833
2400.0,11.841
2402.4,11.852
2403.3,11.861
2405.2,11.874
2406.3,11.882
2410.6,11.891
2412.8,11.902
2414.9,11.91
2416.2,11.924
2417.9,11.932
2419.6,11.943
2420.4,11.951
2422.9,11.96
2427.1,11.973
2428.8,11.98
2430.0,11.992
2430.9,12.0
2435.0,12.013
2437.8,12.023
2439.8,12.03
2440.6,12.03
2442.3,12.05
2445.1,12.072
2447.3,12.079
2451.2,12.092
2453.2,12.1
2455.0,12.113
2456.3,12.122
2457.2,12.133
2462.1,12.141
2464.2,12.149
2465.2,12.163
2467.7,12.171
2468.8,12.182
2469.7,12.191
2472.2,12.204
2472.8,12.212
2477.5,12.228
2478.5,12.235
2480.0,12.244
2481.8,12.255
2486.1,12.264
2489.2,12.271
2491.6,12.284
2493.7,12.304
2496.4,12.313
2499.2,12.326
2501.7,12.334
2503.8,12.343
2505.9,12.353
2506.4,12.363
2508.5,12.376
2511.3,12.384
2514.7,12.396
2516.3,12.404
2517.9,12.412
2519.7,12.426
2521.3,12.434
2522.2,12.445
2524.9,12.453
2527.7,12.462
2531.3,12.479
2533.0,12.494
2534.2,12.502
2538.9,12.515
2540.9,12.524
2543.3,12.532
2544.4,12.543
2545.9,12.551
2547.4,12.565
2550.2,12.573
2552.6,12.584
2554.9,12.593
2555.9,12.601
2558.4,12.614
2559.2,12.624
2561.0,12.634
2564.1,12.643
2567.7,12.651
2569.2,12.664
2570.9,12.673
2572.6,12.684
2573.7,12.693
2577.3,12.706
2579.4,12.714
2581.9,12.723
2583.2,12.733
2584.0,12.742
2586.0,12.756
2589.5,12.764
2593.1,12.776
2593.4,12.776
2596.4,12.792
2598.2,12.806
2599.5,12.813
2601.9,12.825
2603.1,12.833
2606.3,12.846
2608.8,12.855
2609.2,12.863
2610.8,12.875
2611.6,12.882
2616.9,12.896
2618.6,12.905
2620.7,12.913
2622.5,12.925
2623.5,12.932
2624.4,12.946
2627.4,12.955
2631.5,12.965
2632.5,12.974
2634.4,12.982
2635.8,12.995
2637.1,13.004
2641.2,13.015
2643.8,13.023
2645.6,13.036
2649.0,13.0485
2651.1,13.064
2652.7,13.073
2655.1,13.086
2656.9,13.094
2658.5,13.102
2660.6,13.113
2661.6,13.122
2663.9,13.135
2668.5,13.143
2670.3,13.156
2672.0,13.163
2673.4,13.172
2675.4,13.185
2676.6,13.193
2678.2,13.205
2679.4,13.213
2680.6,13.226
2684.2,13.235
2686.7,13.243
2688.2,13.255
2691.1,13.262
2696.2,13.276
2697.6,13.283
2699.9,13.291
2701.9,13.303
2702.8,13.311
2705.1,13.324
2705.7,13.333
2708.4,13.343
2710.8,13.353
2711.4,13.36
2713.3,13.373
2714.6,13.382
2719.0,13.393
2721.0,13.402
2723.9,13.416
2725.8,13.424
2727.0,13.432
2727.2,13.443
2729.2,13.452
2732.7,13.465
2733.9,13.473
2736.2,13.485
2738.1,13.493
2738.9,13.501
2743.1,13.515
2745.7,13.522
2747.8,13.534
2751.2,13.542
2751.9,13.55
2752.0,13.55
2753.9,13.571
2757.4,13.583
2759.0,13.591
2762.1,13.604
2762.9,13.613
2764.0,13.621
2766.1,13.633
2769.0,13.64
2771.7,13.654
2774.6,13.662
2776.4,13.673
2778.2,13.683
2780.0,13.691
2781.3,13.704
2782.4,13.713
2785.5,13.723
2788.0,13.732
2789.5,13.74
2791.0,13.753
2793.1,13.762
2797.7,13.773
2799.3,13.782
2802.4,13.795
2804.2,13.813
2806.0,13.823
2808.6,13.832
2810.0,13.845
2813.6,13.853
2814.9,13.865
2815.9,13.872
2817.5,13.882
2822.5,13.895
2824.0,13.902
2827.2,13.915
2828.8,13.922
2829.4,13.931
2829.9,13.945
2831.2,13.953
2834.1,13.964
2837.4,13.972
2841.0,13.986
2841.7,13.994
2842.6,14.002
2843.6,14.014
2848.8,14.022
2852.4,14.035
2852.5,14.044
2855.4,14.059000000000001
2857.3,14.071
2860.5,14.084
2862.2,14.093
2864.2,14.104
2865.9,14.113
2867.7,14.126
2868.2,14.133
2871.9,14.143
2875.3,14.153
2876.6,14.162
2879.1,14.175
2880.2,14.183
2880.6,14.192
2882.1,14.203
2884.2,14.212
2885.2,14.225
2885.8,14.233
2886.0,14.245
2887.5,14.261
2887.9,14.261
2899.7,14.283
2901.4,14.302
2906.1,14.316
2909.2,14.324
2910.5,14.332
2913.4,14.346
2915.7,14.354
2917.2,14.367
2918.8,14.376
2921.5,14.384
2924.8,14.396
2927.4,14.403
2930.2,14.417
2931.8,14.425
2933.1,14.436
2933.2,14.445
2933.8,14.453
2938.5,14.466
2939.4,14.476
2943.5,14.486
2944.5,14.495
2946.4,14.508
2950.1,14.516
2952.4,14.525
2953.6,14.536
2956.2,14.545
2958.3,14.558
2958.7,14.566
2962.7,14.574
2963.1,14.585
2965.2,14.594
2967.5,14.607
2969.0,14.615
2971.0,14.626
2972.4,14.634
2974.2,14.643
2978.6,14.656
2980.2,14.664
2983.8,14.676
2984.3,14.684
2985.7,14.697
2987.5,14.706
2989.0,14.714
2989.5,14.725
2992.0,14.733
2995.3,14.747
2996.7,14.756
2998.4,14.763
3003.7,14.775
3004.7,14.783
3008.2,14.796
3009.7,14.805
3011.4,14.816
3013.8,14.8285
3016.5,14.846
3017.6,14.855
3020.3,14.865
3021.6,14.875
3024.3,14.888
3027.6,14.896
3029.6,14.905
3032.9,14.916
3034.0,14.925
3035.4,14.938
3037.1,14.946
3037.8,14.958
3038.7,14.958
3043.6,14.974
3045.6,14.987
3047.2,14.995
3049.3,15.008
3050.5,15.016
3054.1,15.024
3057.5,15.038
3058.3,15.045
3061.4,15.065
3063.2,15.078
3065.3,15.087
3066.7,15.095
3070.3,15.107
3072.9,15.114
3073.4,15.128
3074.7,15.136
3079.6,15.147
3081.1,15.156
3081.3,15.156
3085.5,15.177
3087.0,15.185
3087.7,15.196
3088.4,15.205
3090.0,15.213
3091.8,15.226
3091.9,15.235
3092.0,15.246
3095.8,15.255
3100.6,15.269
3105.6,15.276
3107.4,15.285
3110.8,15.296
3112.6,15.305
3115.1,15.322
3117.4,15.338
3119.1,15.346
3122.0,15.354
3124.0,15.368
3124.2,15.375
3127.3,15.387
3129.8,15.395
3132.7,15.403
3136.1,15.416
3137.0,15.424
3138.1,15.436
3139.9,15.444
3140.7,15.457
3142.9,15.466
3145.3,15.473
3146.9,15.485
3149.4,15.493
3151.7,15.506
3155.5,15.515
3156.3,15.526
3161.7,15.543
3164.4,15.556
3165.4,15.576
3168.2,15.584
3171.1,15.598
3171.6,15.598
3174.8,15.614
3176.7,15.625
3177.0,15.625
3182.0,15.647
3184.7,15.655
3185.4,15.664
3188.0,15.674
3192.2,15.683
3192.3,15.697
3192.7,15.704
3194.2,15.716
3195.2,15.724
3196.6,15.733
3201.2,15.746
3201.3,15.754
3204.3,15.766
3207.9,15.773
3210.6,15.787
3213.5,15.796
3214.4,15.804
3217.0,15.816
3217.5,15.823
3220.6,15.837
3222.3,15.845
3223.5,15.853
3225.2,15.865
3225.7,15.873
3229.3,15.886
3232.5,15.895
3236.4,15.906
3236.6,15.915
3239.4,15.922
3241.6,15.937
3242.1,15.945
3243.0,15.956
3245.0,15.965
3247.5,15.978
3249.3,15.986
