src,mult,ch1,ch2,vup,vdown
8.000, 7.993, 7.997, 7.997, 8.387, 8.006
8.010, 8.001, 7.997, 7.997, 8.015, 8.006
8.020, 8.012, 7.997, 7.997, 8.023, 8.006
8.030, 8.020, 7.997, 7.997, 8.034, 8.006
8.040, 8.034, 7.997, 7.997, 8.046, 8.006
8.050, 8.042, 7.997, 7.997, 8.058, 8.006
8.060, 8.050, 7.997, 7.997, 8.061, 8.006
8.070, 8.062, 7.997, 7.997, 8.077, 8.006
8.080, 8.070, 7.997, 7.997, 8.087, 8.006
8.090, 8.083, 7.997, 7.997, 8.099, 8.006
8.100, 8.092, 7.997, 7.997, 8.106, 8.006
8.110, 8.103, 7.997, 7.997, 8.115, 8.006
8.120, 8.111, 7.997, 7.997, 8.119, 8.006
8.130, 8.119, 7.997, 7.997, 8.137, 8.006
8.140, 8.133, 7.997, 7.997, 8.153, 8.006
8.150, 8.142, 7.997, 7.997, 8.158, 8.006
8.160, 8.142, 7.997, 7.997, 8.157, 8.006
8.170, 8.161, 7.997, 7.997, 8.176, 8.006
8.180, 8.175, 7.997, 7.997, 8.216, 8.006
8.190, 8.182, 7.997, 7.997, 8.221, 8.006
8.200, 8.191, 7.997, 7.997, 8.224, 8.006
8.210, 8.202, 7.997, 7.997, 8.225, 8.006
8.220, 8.211, 7.997, 7.997, 8.229, 8.006
8.230, 8.224, 7.997, 7.997, 8.237, 8.006
8.240, 8.232, 7.997, 7.997, 8.241, 8.006
8.250, 8.241, 7.997, 7.997, 8.251, 8.006
8.260, 8.251, 7.997, 7.997, 8.263, 8.006
8.270, 8.260, 7.997, 7.997, 8.275, 8.006
8.280, 8.273, 7.997, 7.997, 8.285, 8.006
8.290, 8.281, 7.997, 7.997, 8.296, 8.006
8.300, 8.293, 7.997, 7.997, 8.304, 8.006
8.310, 8.300, 7.997, 7.997, 8.313, 8.006
8.320, 8.309, 7.997, 7.997, 8.323, 8.006
8.330, 8.323, 7.997, 7.997, 8.331, 8.006
8.340, 8.330, 7.997, 7.997, 8.345, 8.006
8.350, 8.342, 7.997, 7.997, 8.355, 8.006
8.360, 8.350, 7.997, 7.997, 8.363, 8.006
8.370, 8.363, 7.997, 7.997, 8.375, 8.006
8.380, 8.372, 7.997, 7.997, 8.386, 8.006
8.390, 8.380, 7.997, 7.997, 8.398, 8.006
8.400, 8.392, 7.997, 7.997, 8.403, 8.006
8.410, 8.400, 7.997, 7.997, 8.407, 8.006
8.420, 8.413, 7.997, 7.997, 8.424, 8.006
8.430, 8.422, 7.997, 7.997, 8.433, 8.006
8.440, 8.430, 7.997, 7.997, 8.446, 8.006
8.450, 8.441, 7.997, 7.997, 8.454, 8.006
8.460, 8.449, 7.997, 7.997, 8.461, 8.006
8.470, 8.463, 7.997, 7.997, 8.476, 8.006
8.480, 8.471, 7.997, 7.997, 8.484, 8.006
8.490, 8.482, 7.997, 7.997, 8.495, 8.006
8.500, 8.491, 7.997, 7.997, 8.503, 8.006
8.510, 8.499, 7.997, 7.997, 8.511, 8.006
8.520, 8.512, 7.997, 7.997, 8.528, 8.006
8.530, 8.522, 7.997, 7.997, 8.536, 8.006
8.540, 8.533, 7.997, 7.997, 8.548, 8.006
8.550, 8.541, 7.997, 7.997, 8.556, 8.006
8.560, 8.555, 7.997, 7.997, 8.566, 8.006
8.570, 8.562, 7.997, 7.997, 8.578, 8.006
8.580, 8.571, 7.997, 7.997, 8.585, 8.006
8.590, 8.582, 7.997, 7.997, 8.596, 8.006
8.600, 8.591, 7.997, 7.997, 8.606, 8.006
8.610, 8.604, 7.997, 7.997, 8.615, 8.006
8.620, 8.612, 7.997, 7.997, 8.623, 8.006
8.630, 8.624, 7.997, 7.997, 8.641, 8.006
8.640, 8.631, 7.997, 7.997, 8.644, 8.006
8.650, 8.640, 7.997, 7.997, 8.652, 8.006
8.660, 8.654, 7.997, 7.997, 8.674, 8.006
8.670, 8.662, 7.997, 7.997, 8.678, 8.006
8.680, 8.673, 7.997, 7.997, 8.691, 8.006
8.690, 8.681, 7.997, 7.997, 8.697, 8.006
8.700, 8.690, 7.997, 7.997, 8.707, 8.006
8.710, 8.703, 7.997, 7.997, 8.716, 8.006
8.720, 8.711, 7.997, 7.997, 8.726, 8.006
8.730, 8.723, 7.997, 7.997, 8.735, 8.006
8.740, 8.731, 7.997, 7.997, 8.741, 8.006
8.750, 8.744, 7.997, 7.997, 8.758, 8.006
8.760, 8.753, 7.997, 7.997, 8.774, 8.006
8.770, 8.761, 7.997, 7.997, 8.776, 8.006
8.780, 8.772, 7.997, 7.997, 8.786, 8.006
8.790, 8.780, 7.997, 7.997, 8.795, 8.006
8.800, 8.793, 7.997, 7.997, 8.809, 8.006
8.810, 8.802, 7.997, 7.997, 8.816, 8.006
8.820, 8.813, 7.997, 7.997, 8.830, 8.006
8.830, 8.822, 7.997, 7.997, 8.838, 8.006
8.840, 8.829, 7.997, 7.997, 8.841, 8.006
8.850, 8.842, 7.997, 7.997, 8.856, 8.006
8.860, 8.852, 7.997, 7.997, 8.868, 8.006
8.870, 8.862, 7.997, 7.997, 8.875, 8.006
8.880, 8.871, 7.997, 7.997, 8.883, 8.006
8.890, 8.879, 7.997, 7.997, 8.896, 8.006
8.900, 8.892, 7.997, 7.997, 8.908, 8.006
8.910, 8.901, 7.997, 7.997, 8.915, 8.006
8.920, 8.912, 7.997, 7.997, 8.928, 8.006
8.930, 8.921, 7.997, 7.997, 8.938, 8.006
8.940, 8.934, 7.997, 7.997, 8.949, 8.006
8.950, 8.934, 7.997, 7.997, 8.949, 8.006
8.960, 8.951, 7.997, 7.997, 8.964, 8.006
8.970, 8.962, 7.997, 7.997, 8.976, 8.006
8.980, 8.970, 7.997, 7.997, 8.988, 8.006
8.990, 8.984, 7.997, 7.997, 9.001, 8.006
9.000, 8.992, 7.997, 7.997, 9.007, 8.006
9.010, 9.003, 7.997, 7.997, 9.019, 8.006
9.020, 9.011, 7.997, 7.997, 9.030, 8.006
9.030, 9.020, 7.997, 7.997, 9.037, 8.006
9.040, 9.033, 7.997, 7.997, 9.051, 8.006
9.050, 9.041, 7.997, 7.997, 9.060, 8.006
9.060, 9.052, 7.997, 7.997, 9.068, 8.006
9.070, 9.060, 7.997, 7.997, 9.074, 8.006
9.080, 9.068, 7.997, 7.997, 9.089, 8.006
9.090, 9.082, 7.997, 7.997, 9.096, 8.006
9.100, 9.082, 7.997, 7.997, 9.097, 8.006
9.110, 9.101, 7.997, 7.997, 9.123, 8.006
9.120, 9.109, 7.997, 7.997, 9.127, 8.006
9.130, 9.122, 7.997, 7.997, 9.136, 8.006
9.140, 9.131, 7.997, 7.997, 9.153, 8.006
9.150, 9.139, 7.997, 7.997, 9.160, 8.006
9.160, 9.151, 7.997, 7.997, 9.166, 8.006
9.170, 9.158, 7.997, 7.997, 9.179, 8.006
9.180, 9.172, 7.997, 7.997, 9.195, 8.006
9.190, 9.181, 7.997, 7.997, 9.195, 8.006
9.200, 9.192, 7.997, 7.997, 9.210, 8.006
9.210, 9.200, 7.997, 7.997, 9.216, 8.006
9.220, 9.208, 7.997, 7.997, 9.224, 8.006
9.230, 9.222, 7.997, 7.997, 9.238, 8.006
9.240, 9.230, 7.997, 7.997, 9.248, 8.006
9.250, 9.241, 7.997, 7.997, 9.256, 8.006
9.260, 9.250, 7.997, 7.997, 9.271, 8.006
9.270, 9.263, 7.997, 7.997, 9.275, 8.006
9.280, 9.271, 7.997, 7.997, 9.288, 8.006
9.290, 9.280, 7.997, 7.997, 9.297, 8.006
9.300, 9.291, 7.997, 7.997, 9.305, 8.006
9.310, 9.299, 7.997, 7.997, 9.314, 8.006
9.320, 9.313, 7.997, 7.997, 9.328, 8.006
9.330, 9.320, 7.997, 7.997, 9.344, 8.006
9.340, 9.329, 7.997, 7.997, 9.347, 8.006
9.350, 9.340, 7.997, 7.997, 9.356, 8.006
9.360, 9.348, 7.997, 7.997, 9.366, 8.006
9.370, 9.362, 7.997, 7.997, 9.378, 8.006
9.380, 9.369, 7.997, 7.997, 9.386, 8.006
9.390, 9.382, 7.997, 7.997, 9.406, 8.006
9.400, 9.389, 7.997, 7.997, 9.408, 8.006
9.410, 9.398, 7.997, 7.997, 9.419, 8.006
9.420, 9.411, 7.997, 7.997, 9.427, 8.006
9.430, 9.419, 7.997, 7.997, 9.437, 8.006
9.440, 9.431, 7.997, 7.997, 9.446, 8.006
9.450, 9.438, 7.997, 7.997, 9.454, 8.006
9.460, 9.453, 7.997, 7.997, 9.471, 8.006
9.470, 9.461, 7.997, 7.997, 9.480, 8.006
9.480, 9.469, 7.997, 7.997, 9.488, 8.006
9.490, 9.481, 7.997, 7.997, 9.500, 8.006
9.500, 9.489, 7.997, 7.997, 9.508, 8.006
9.510, 9.502, 7.997, 7.997, 9.522, 8.006
9.520, 9.511, 7.997, 7.997, 9.535, 8.006
9.530, 9.519, 7.997, 7.997, 9.539, 8.006
9.540, 9.530, 7.997, 7.997, 9.553, 8.006
9.550, 9.538, 7.997, 7.997, 9.559, 8.006
9.560, 9.551, 7.997, 7.997, 9.573, 8.006
9.570, 9.560, 7.997, 7.997, 9.579, 8.006
9.580, 9.571, 7.997, 7.997, 9.590, 8.006
9.590, 9.581, 7.997, 7.997, 9.602, 8.006
9.600, 9.588, 7.997, 7.997, 9.608, 8.006
9.610, 9.602, 7.997, 7.997, 9.623, 8.006
9.620, 9.611, 7.997, 7.997, 9.635, 8.006
9.630, 9.621, 7.997, 7.997, 9.636, 8.006
9.640, 9.630, 7.997, 7.997, 9.652, 8.006
9.650, 9.644, 7.997, 7.997, 9.660, 8.006
9.660, 9.651, 7.997, 7.997, 9.668, 8.006
9.670, 9.660, 7.997, 7.997, 9.680, 8.006
9.680, 9.671, 7.997, 7.997, 9.692, 8.006
9.690, 9.680, 7.997, 7.997, 9.702, 8.006
9.700, 9.693, 7.997, 7.997, 9.716, 8.006
9.710, 9.701, 7.997, 7.997, 9.723, 8.006
9.720, 9.710, 7.997, 7.997, 9.727, 8.006
9.730, 9.721, 7.997, 7.997, 9.740, 8.006
9.740, 9.729, 7.997, 7.997, 9.751, 8.006
9.750, 9.743, 7.997, 7.997, 9.761, 8.006
9.760, 9.751, 7.997, 7.997, 9.771, 8.006
9.770, 9.762, 7.997, 7.997, 9.783, 8.006
9.780, 9.770, 7.997, 7.997, 9.791, 8.006
9.790, 9.779, 7.997, 7.997, 9.801, 8.006
9.800, 9.792, 7.997, 7.997, 9.811, 8.006
9.810, 9.800, 7.997, 7.997, 9.821, 8.006
9.820, 9.812, 7.997, 7.997, 9.831, 8.006
9.830, 9.820, 7.997, 7.997, 9.844, 8.006
9.840, 9.833, 7.997, 7.997, 9.852, 8.006
9.850, 9.842, 7.997, 7.997, 9.862, 8.006
9.860, 9.849, 7.997, 7.997, 9.867, 8.006
9.870, 9.861, 7.997, 7.997, 9.879, 8.006
9.880, 9.869, 7.997, 7.997, 9.889, 8.006
9.890, 9.882, 7.997, 7.997, 9.908, 8.006
9.900, 9.891, 7.997, 7.997, 9.913, 8.006
9.910, 9.902, 7.997, 7.997, 9.921, 8.006
9.920, 9.911, 7.997, 7.997, 9.935, 8.006
9.930, 9.918, 7.997, 7.997, 9.939, 8.006
9.940, 9.932, 7.997, 7.997, 9.954, 8.006
9.950, 9.940, 7.997, 7.997, 9.959, 8.006
9.960, 9.951, 7.997, 7.997, 9.972, 8.006
9.970, 9.960, 7.997, 7.997, 9.981, 8.006
9.980, 9.968, 7.997, 7.997, 9.991, 8.006
9.990, 9.982, 7.997, 7.997, 10.000, 8.006
10.000, 9.990, 7.997, 7.997, 10.011, 8.006
10.010, 10.001, 7.997, 7.997, 10.018, 8.006
10.020, 10.010, 7.997, 7.997, 10.032, 8.006
10.030, 10.023, 7.997, 7.997, 10.042, 8.006
10.040, 10.031, 7.997, 7.997, 10.055, 8.006
10.050, 10.040, 7.997, 7.997, 10.063, 8.006
10.060, 10.051, 7.997, 7.997, 10.071, 8.006
10.070, 10.059, 7.997, 7.997, 10.078, 8.006
10.080, 10.073, 7.997, 7.997, 10.098, 8.006
10.090, 10.081, 7.997, 7.997, 10.104, 8.006
10.100, 10.092, 7.997, 7.997, 10.113, 8.006
10.110, 10.100, 7.997, 7.997, 10.119, 8.006
10.120, 10.111, 7.997, 7.997, 10.132, 8.006
10.130, 10.124, 7.997, 7.997, 10.147, 8.006
10.140, 10.132, 7.997, 7.997, 10.155, 8.006
10.150, 10.144, 7.997, 7.997, 10.163, 8.006
10.160, 10.152, 7.997, 7.997, 10.176, 8.006
10.170, 10.160, 7.997, 7.997, 10.186, 8.006
10.180, 10.174, 7.997, 7.997, 10.208, 8.006
10.190, 10.182, 7.997, 7.997, 10.214, 8.006
10.200, 10.193, 7.997, 7.997, 10.219, 8.006
10.210, 10.201, 7.997, 7.997, 10.227, 8.006
10.220, 10.214, 7.997, 7.997, 10.235, 8.006
10.230, 10.223, 7.997, 7.997, 10.245, 8.006
10.240, 10.231, 7.997, 7.997, 10.252, 8.006
10.250, 10.243, 7.997, 7.997, 10.267, 8.006
10.260, 10.251, 7.997, 7.997, 10.273, 8.006
10.270, 10.264, 7.997, 7.997, 10.286, 8.006
10.280, 10.273, 7.997, 7.997, 10.296, 8.006
10.290, 10.284, 7.997, 7.997, 10.304, 8.006
10.300, 10.292, 7.997, 7.997, 10.318, 8.006
10.310, 10.300, 7.997, 7.997, 10.324, 8.006
10.320, 10.314, 7.997, 7.997, 10.338, 8.006
10.330, 10.322, 7.997, 7.997, 10.349, 8.006
10.340, 10.333, 7.997, 7.997, 10.357, 8.006
10.350, 10.342, 7.997, 7.997, 10.368, 8.006
10.360, 10.350, 7.997, 7.997, 10.374, 8.006
10.370, 10.363, 7.997, 7.997, 10.385, 8.006
10.380, 10.372, 7.997, 7.997, 10.394, 8.006
10.390, 10.382, 7.997, 7.997, 10.410, 8.006
10.400, 10.391, 7.997, 7.997, 10.414, 8.006
10.410, 10.404, 7.997, 7.997, 10.428, 8.006
10.420, 10.412, 7.997, 7.997, 10.437, 8.006
10.430, 10.421, 7.997, 7.997, 10.443, 8.006
10.440, 10.432, 7.997, 7.997, 10.452, 8.006
10.450, 10.432, 7.997, 7.997, 10.457, 8.006
10.460, 10.454, 7.997, 7.997, 10.478, 8.006
10.470, 10.461, 7.997, 7.997, 10.485, 8.006
10.480, 10.473, 7.997, 7.997, 10.500, 8.006
10.490, 10.481, 7.997, 7.997, 10.506, 8.006
10.500, 10.490, 7.997, 7.997, 10.512, 8.006
10.510, 10.504, 7.997, 7.997, 10.528, 8.006
10.520, 10.512, 7.997, 7.997, 10.537, 8.006
10.530, 10.523, 7.997, 7.997, 10.549, 8.006
10.540, 10.531, 7.997, 7.997, 10.558, 8.006
10.550, 10.540, 7.997, 7.997, 10.560, 8.006
10.560, 10.553, 7.997, 7.997, 10.573, 8.006
10.570, 10.561, 7.997, 7.997, 10.586, 8.006
10.580, 10.573, 7.997, 7.997, 10.596, 8.006
10.590, 10.581, 7.997, 7.997, 10.609, 8.006
10.600, 10.594, 7.997, 7.997, 10.622, 8.006
10.610, 10.603, 7.997, 7.997, 10.625, 8.006
10.620, 10.611, 7.997, 7.997, 10.637, 8.006
10.630, 10.622, 7.997, 7.997, 10.648, 8.006
10.640, 10.630, 7.997, 7.997, 10.657, 8.006
10.650, 10.630, 7.997, 7.997, 10.655, 8.006
10.660, 10.653, 7.997, 7.997, 10.673, 8.006
10.670, 10.664, 7.997, 7.997, 10.689, 8.006
10.680, 10.673, 7.997, 7.997, 10.699, 8.006
10.690, 10.680, 7.997, 7.997, 10.705, 8.006
10.700, 10.694, 7.997, 7.997, 10.721, 8.006
10.710, 10.703, 7.997, 7.997, 10.731, 8.006
10.720, 10.713, 7.997, 7.997, 10.741, 8.006
10.730, 10.722, 7.997, 7.997, 10.745, 8.006
10.740, 10.735, 7.997, 7.997, 10.762, 8.006
10.750, 10.743, 7.997, 7.997, 10.771, 8.006
10.760, 10.752, 7.997, 7.997, 10.777, 8.006
10.770, 10.763, 7.997, 7.997, 10.788, 8.006
10.780, 10.772, 7.997, 7.997, 10.799, 8.006
10.790, 10.785, 7.997, 7.997, 10.807, 8.006
10.800, 10.793, 7.997, 7.997, 10.824, 8.006
10.810, 10.802, 7.997, 7.997, 10.831, 8.006
10.820, 10.813, 7.997, 7.997, 10.839, 8.006
10.830, 10.821, 7.997, 7.997, 10.848, 8.006
10.840, 10.835, 7.997, 7.997, 10.861, 8.006
10.850, 10.843, 7.997, 7.997, 10.868, 8.006
10.860, 10.854, 7.997, 7.997, 10.879, 8.006
10.870, 10.854, 7.997, 7.997, 10.883, 8.006
10.880, 10.871, 7.997, 7.997, 10.895, 8.006
10.890, 10.884, 7.997, 7.997, 10.910, 8.006
10.900, 10.892, 7.997, 7.997, 10.923, 8.006
10.910, 10.904, 7.997, 7.997, 10.929, 8.006
10.920, 10.911, 7.997, 7.997, 10.940, 8.006
10.930, 10.924, 7.997, 7.997, 10.952, 8.006
10.940, 10.933, 7.997, 7.997, 10.961, 8.006
10.950, 10.941, 7.997, 7.997, 10.966, 8.006
10.960, 10.953, 7.997, 7.997, 10.980, 8.006
10.970, 10.960, 7.997, 7.997, 10.988, 8.006
10.980, 10.974, 7.997, 7.997, 11.005, 8.006
10.990, 10.983, 7.997, 7.997, 11.011, 8.006
11.000, 10.990, 7.997, 7.997, 11.014, 8.006
11.010, 11.002, 7.997, 7.997, 11.028, 8.006
11.020, 11.010, 7.997, 7.997, 11.037, 8.006
11.030, 11.023, 7.997, 7.997, 11.050, 8.006
11.040, 11.033, 7.997, 7.997, 11.058, 8.006
11.050, 11.044, 7.997, 7.997, 11.065, 8.006
11.060, 11.052, 7.997, 7.997, 11.078, 8.006
11.070, 11.060, 7.997, 7.997, 11.087, 8.006
11.080, 11.074, 7.997, 7.997, 11.099, 8.006
11.090, 11.082, 7.997, 7.997, 11.108, 8.006
11.100, 11.093, 7.997, 7.997, 11.118, 8.006
11.110, 11.102, 7.997, 7.997, 11.130, 8.006
11.120, 11.115, 7.997, 7.997, 11.142, 8.006
11.130, 11.123, 7.997, 7.997, 11.150, 8.006
11.140, 11.132, 7.997, 7.997, 11.161, 8.006
11.150, 11.143, 7.997, 7.997, 11.173, 8.006
11.160, 11.151, 7.997, 7.997, 11.177, 8.006
11.170, 11.164, 7.997, 7.997, 11.192, 8.006
11.180, 11.172, 7.997, 7.997, 11.203, 8.006
11.190, 11.180, 7.997, 7.997, 11.209, 8.006
11.200, 11.191, 7.997, 7.997, 11.224, 8.006
11.210, 11.200, 7.997, 7.997, 11.228, 8.006
11.220, 11.213, 7.997, 7.997, 11.244, 8.006
11.230, 11.221, 7.997, 7.997, 11.251, 8.006
11.240, 11.233, 7.997, 7.997, 11.261, 8.006
11.250, 11.241, 7.997, 7.997, 11.272, 8.006
11.260, 11.249, 7.997, 7.997, 11.276, 8.006
11.270, 11.263, 7.997, 7.997, 11.289, 8.006
11.280, 11.271, 7.997, 7.997, 11.299, 8.006
11.290, 11.282, 7.997, 7.997, 11.313, 8.006
11.300, 11.290, 7.997, 7.997, 11.318, 8.006
11.310, 11.304, 7.997, 7.997, 11.330, 8.006
11.320, 11.313, 7.997, 7.997, 11.337, 8.006
11.330, 11.320, 7.997, 7.997, 11.346, 8.006
11.340, 11.332, 7.997, 7.997, 11.359, 8.006
11.350, 11.332, 7.997, 7.997, 11.366, 8.006
11.360, 11.353, 7.997, 7.997, 11.382, 8.006
11.370, 11.362, 7.997, 7.997, 11.393, 8.006
11.380, 11.373, 7.997, 7.997, 11.403, 8.006
11.390, 11.382, 7.997, 7.997, 11.411, 8.006
11.400, 11.389, 7.997, 7.997, 11.420, 8.006
11.410, 11.403, 7.997, 7.997, 11.428, 8.006
11.420, 11.412, 7.997, 7.997, 11.440, 8.006
11.430, 11.422, 7.997, 7.997, 11.459, 8.006
11.440, 11.431, 7.997, 7.997, 11.463, 8.006
11.450, 11.439, 7.997, 7.997, 11.465, 8.006
11.460, 11.439, 7.997, 7.997, 11.465, 8.006
11.470, 11.461, 7.997, 7.997, 11.491, 8.006
11.480, 11.471, 7.997, 7.997, 11.500, 8.006
11.490, 11.480, 7.997, 7.997, 11.515, 8.006
11.500, 11.494, 7.997, 7.997, 11.520, 8.006
11.510, 11.502, 7.997, 7.997, 11.529, 8.006
11.520, 11.510, 7.997, 7.997, 11.541, 8.006
11.530, 11.521, 7.997, 7.997, 11.550, 8.006
11.540, 11.530, 7.997, 7.997, 11.559, 8.006
11.550, 11.543, 7.997, 7.997, 11.574, 8.006
11.560, 11.551, 7.997, 7.997, 11.584, 8.006
11.570, 11.563, 7.997, 7.997, 11.598, 8.006
11.580, 11.571, 7.997, 7.997, 11.597, 8.006
11.590, 11.580, 7.997, 7.997, 11.605, 8.006
11.600, 11.593, 7.997, 7.997, 11.626, 8.006
11.610, 11.601, 7.997, 7.997, 11.628, 8.006
11.620, 11.612, 7.997, 7.997, 11.642, 8.006
11.630, 11.620, 7.997, 7.997, 11.648, 8.006
11.640, 11.629, 7.997, 7.997, 11.658, 8.006
11.650, 11.642, 7.997, 7.997, 11.675, 8.006
11.660, 11.650, 7.997, 7.997, 11.679, 8.006
11.670, 11.662, 7.997, 7.997, 11.692, 8.006
11.680, 11.670, 7.997, 7.997, 11.700, 8.006
11.690, 11.683, 7.997, 7.997, 11.709, 8.006
11.700, 11.693, 7.997, 7.997, 11.723, 8.006
11.710, 11.701, 7.997, 7.997, 11.729, 8.006
11.720, 11.712, 7.997, 7.997, 11.736, 8.006
11.730, 11.720, 7.997, 7.997, 11.753, 8.006
11.740, 11.734, 7.997, 7.997, 11.762, 8.006
11.750, 11.742, 7.997, 7.997, 11.776, 8.006
11.760, 11.753, 7.997, 7.997, 11.783, 8.006
11.770, 11.762, 7.997, 7.997, 11.794, 8.006
11.780, 11.770, 7.997, 7.997, 11.799, 8.006
11.790, 11.783, 7.997, 7.997, 11.815, 8.006
11.800, 11.792, 7.997, 7.997, 11.826, 8.006
11.810, 11.803, 7.997, 7.997, 11.832, 8.006
11.820, 11.811, 7.997, 7.997, 11.845, 8.006
11.830, 11.819, 7.997, 7.997, 11.849, 8.006
11.840, 11.833, 7.997, 7.997, 11.860, 8.006
11.850, 11.842, 7.997, 7.997, 11.869, 8.006
11.860, 11.853, 7.997, 7.997, 11.883, 8.006
11.870, 11.861, 7.997, 7.997, 11.892, 8.006
11.880, 11.875, 7.997, 7.997, 11.902, 8.006
11.890, 11.882, 7.997, 7.997, 11.908, 8.006
11.900, 11.891, 7.997, 7.997, 11.927, 8.006
11.910, 11.902, 7.997, 7.997, 11.934, 8.006
11.920, 11.911, 7.997, 7.997, 11.943, 8.006
11.930, 11.924, 7.997, 7.997, 11.964, 8.006
11.940, 11.932, 7.997, 7.997, 11.967, 8.006
11.950, 11.944, 7.997, 7.997, 11.976, 8.006
11.960, 11.952, 7.997, 7.997, 11.981, 8.006
11.970, 11.960, 7.997, 7.997, 11.997, 8.006
11.980, 11.973, 7.997, 7.997, 12.001, 8.006
11.990, 11.981, 7.997, 7.997, 12.009, 8.006
12.000, 11.993, 7.997, 7.997, 12.030, 8.006
12.010, 12.001, 7.997, 7.997, 12.035, 8.006
12.020, 12.014, 7.997, 7.997, 12.048, 8.006
12.030, 12.023, 7.997, 7.997, 12.058, 8.006
12.040, 12.031, 7.997, 7.997, 12.063, 8.006
12.050, 12.042, 7.997, 7.997, 12.074, 8.006
12.060, 12.050, 7.997, 7.997, 12.084, 8.006
12.070, 12.064, 7.997, 7.997, 12.097, 8.006
12.080, 12.072, 7.997, 7.997, 12.108, 8.006
12.090, 12.080, 7.997, 7.997, 12.112, 8.006
12.100, 12.080, 7.997, 7.997, 12.114, 8.006
12.110, 12.100, 7.997, 7.997, 12.132, 8.006
12.120, 12.114, 7.997, 7.997, 12.153, 8.006
12.130, 12.123, 7.997, 7.997, 12.155, 8.006
12.140, 12.133, 7.997, 7.997, 12.165, 8.006
12.150, 12.142, 7.997, 7.997, 12.180, 8.006
12.160, 12.150, 7.997, 7.997, 12.188, 8.006
12.170, 12.163, 7.997, 7.997, 12.194, 8.006
12.180, 12.172, 7.997, 7.997, 12.201, 8.006
12.190, 12.183, 7.997, 7.997, 12.213, 8.006
12.200, 12.192, 7.997, 7.997, 12.233, 8.006
12.210, 12.205, 7.997, 7.997, 12.247, 8.006
12.220, 12.213, 7.997, 7.997, 12.252, 8.006
12.230, 12.228, 7.997, 7.997, 12.280, 8.006
12.240, 12.236, 7.997, 7.997, 12.286, 8.006
12.250, 12.244, 7.997, 7.997, 12.288, 8.006
12.260, 12.255, 7.997, 7.997, 12.292, 8.006
12.270, 12.264, 7.997, 7.997, 12.299, 8.006
12.280, 12.272, 7.997, 7.997, 12.307, 8.006
12.290, 12.285, 7.997, 7.997, 12.316, 8.006
12.300, 12.294, 7.997, 7.997, 12.334, 8.006
12.310, 12.305, 7.997, 7.997, 12.341, 8.006
12.320, 12.313, 7.997, 7.997, 12.344, 8.006
12.330, 12.327, 7.997, 7.997, 12.360, 8.006
12.340, 12.335, 7.997, 7.997, 12.368, 8.006
12.350, 12.343, 7.997, 7.997, 12.377, 8.006
12.360, 12.354, 7.997, 7.997, 12.383, 8.006
12.370, 12.364, 7.997, 7.997, 12.400, 8.006
12.380, 12.377, 7.997, 7.997, 12.408, 8.006
12.390, 12.384, 7.997, 7.997, 12.420, 8.006
12.400, 12.396, 7.997, 7.997, 12.431, 8.006
12.410, 12.404, 7.997, 7.997, 12.442, 8.006
12.420, 12.413, 7.997, 7.997, 12.446, 8.006
12.430, 12.426, 7.997, 7.997, 12.459, 8.006
12.440, 12.434, 7.997, 7.997, 12.468, 8.006
12.450, 12.446, 7.997, 7.997, 12.476, 8.006
12.460, 12.453, 7.997, 7.997, 12.486, 8.006
12.470, 12.462, 7.997, 7.997, 12.493, 8.006
12.480, 12.476, 7.997, 7.997, 12.504, 8.006
12.490, 12.483, 7.997, 7.997, 12.519, 8.006
12.500, 12.495, 7.997, 7.997, 12.529, 8.006
12.510, 12.503, 7.997, 7.997, 12.535, 8.006
12.520, 12.516, 7.997, 7.997, 12.546, 8.006
12.530, 12.525, 7.997, 7.997, 12.560, 8.006
12.540, 12.532, 7.997, 7.997, 12.563, 8.006
12.550, 12.544, 7.997, 7.997, 12.571, 8.006
12.560, 12.552, 7.997, 7.997, 12.583, 8.006
12.570, 12.565, 7.997, 7.997, 12.601, 8.006
12.580, 12.574, 7.997, 7.997, 12.605, 8.006
12.590, 12.585, 7.997, 7.997, 12.614, 8.006
12.600, 12.594, 7.997, 7.997, 12.630, 8.006
12.610, 12.601, 7.997, 7.997, 12.633, 8.006
12.620, 12.615, 7.997, 7.997, 12.651, 8.006
12.630, 12.624, 7.997, 7.997, 12.657, 8.006
12.640, 12.635, 7.997, 7.997, 12.669, 8.006
12.650, 12.643, 7.997, 7.997, 12.685, 8.006
12.660, 12.651, 7.997, 7.997, 12.688, 8.006
12.670, 12.665, 7.997, 7.997, 12.705, 8.006
12.680, 12.673, 7.997, 7.997, 12.710, 8.006
12.690, 12.684, 7.997, 7.997, 12.720, 8.006
12.700, 12.693, 7.997, 7.997, 12.727, 8.006
12.710, 12.706, 7.997, 7.997, 12.738, 8.006
12.720, 12.714, 7.997, 7.997, 12.749, 8.006
12.730, 12.723, 7.997, 7.997, 12.758, 8.006
12.740, 12.734, 7.997, 7.997, 12.766, 8.006
12.750, 12.742, 7.997, 7.997, 12.782, 8.006
12.760, 12.757, 7.997, 7.997, 12.787, 8.006
12.770, 12.765, 7.997, 7.997, 12.798, 8.006
12.780, 12.776, 7.997, 7.997, 12.812, 8.006
12.790, 12.784, 7.997, 7.997, 12.816, 8.006
12.800, 12.793, 7.997, 7.997, 12.819, 8.006
12.810, 12.806, 7.997, 7.997, 12.844, 8.006
12.820, 12.814, 7.997, 7.997, 12.851, 8.006
12.830, 12.826, 7.997, 7.997, 12.864, 8.006
12.840, 12.834, 7.997, 7.997, 12.872, 8.006
12.850, 12.847, 7.997, 7.997, 12.886, 8.006
12.860, 12.856, 7.997, 7.997, 12.892, 8.006
12.870, 12.863, 7.997, 7.997, 12.901, 8.006
12.880, 12.875, 7.997, 7.997, 12.908, 8.006
12.890, 12.883, 7.997, 7.997, 12.914, 8.006
12.900, 12.897, 7.997, 7.997, 12.934, 8.006
12.910, 12.905, 7.997, 7.997, 12.942, 8.006
12.920, 12.913, 7.997, 7.997, 12.948, 8.006
12.930, 12.925, 7.997, 7.997, 12.951, 8.006
12.940, 12.933, 7.997, 7.997, 12.972, 8.006
12.950, 12.946, 7.997, 7.997, 12.980, 8.006
12.960, 12.955, 7.997, 7.997, 12.994, 8.006
12.970, 12.966, 7.997, 7.997, 12.995, 8.006
12.980, 12.975, 7.997, 7.997, 13.004, 8.006
12.990, 12.975, 7.997, 7.997, 13.007, 8.006
13.000, 12.996, 7.997, 7.997, 13.029, 8.006
13.010, 13.004, 7.997, 7.997, 13.040, 8.006
13.020, 13.015, 7.997, 7.997, 13.051, 8.006
13.030, 13.024, 7.997, 7.997, 13.059, 8.006
13.040, 13.037, 7.997, 7.997, 13.071, 8.006
13.050, 13.045, 7.997, 7.997, 13.078, 8.006
13.060, 13.054, 7.997, 7.997, 13.093, 8.006
13.070, 13.064, 7.997, 7.997, 13.096, 8.006
13.080, 13.073, 7.997, 7.997, 13.105, 8.006
13.090, 13.087, 7.997, 7.997, 13.117, 8.006
13.100, 13.094, 7.997, 7.997, 13.125, 8.006
13.110, 13.103, 7.997, 7.997, 13.145, 8.006
13.120, 13.114, 7.997, 7.997, 13.154, 8.006
13.130, 13.123, 7.997, 7.997, 13.164, 8.006
13.140, 13.136, 7.997, 7.997, 13.169, 8.006
13.150, 13.144, 7.997, 7.997, 13.184, 8.006
13.160, 13.156, 7.997, 7.997, 13.195, 8.006
13.170, 13.164, 7.997, 7.997, 13.207, 8.006
13.180, 13.172, 7.997, 7.997, 13.215, 8.006
13.190, 13.186, 7.997, 7.997, 13.224, 8.006
13.200, 13.194, 7.997, 7.997, 13.239, 8.006
13.210, 13.205, 7.997, 7.997, 13.250, 8.006
13.220, 13.213, 7.997, 7.997, 13.253, 8.006
13.230, 13.227, 7.997, 7.997, 13.263, 8.006
13.240, 13.235, 7.997, 7.997, 13.276, 8.006
13.250, 13.243, 7.997, 7.997, 13.280, 8.006
13.260, 13.255, 7.997, 7.997, 13.288, 8.006
13.270, 13.263, 7.997, 7.997, 13.299, 8.006
13.280, 13.276, 7.997, 7.997, 13.319, 8.006
13.290, 13.284, 7.997, 7.997, 13.322, 8.006
13.300, 13.292, 7.997, 7.997, 13.336, 8.006
13.310, 13.303, 7.997, 7.997, 13.343, 8.006
13.320, 13.311, 7.997, 7.997, 13.355, 8.006
13.330, 13.325, 7.997, 7.997, 13.358, 8.006
13.340, 13.333, 7.997, 7.997, 13.373, 8.006
13.350, 13.344, 7.997, 7.997, 13.386, 8.006
13.360, 13.353, 7.997, 7.997, 13.400, 8.006
13.370, 13.361, 7.997, 7.997, 13.402, 8.006
13.380, 13.374, 7.997, 7.997, 13.408, 8.006
13.390, 13.383, 7.997, 7.997, 13.417, 8.006
13.400, 13.394, 7.997, 7.997, 13.432, 8.006
13.410, 13.402, 7.997, 7.997, 13.443, 8.006
13.420, 13.416, 7.997, 7.997, 13.453, 8.006
13.430, 13.424, 7.997, 7.997, 13.470, 8.006
13.440, 13.432, 7.997, 7.997, 13.475, 8.006
13.450, 13.443, 7.997, 7.997, 13.483, 8.006
13.460, 13.452, 7.997, 7.997, 13.490, 8.006
13.470, 13.466, 7.997, 7.997, 13.499, 8.006
13.480, 13.473, 7.997, 7.997, 13.509, 8.006
13.490, 13.485, 7.997, 7.997, 13.514, 8.006
13.500, 13.493, 7.997, 7.997, 13.537, 8.006
13.510, 13.502, 7.997, 7.997, 13.542, 8.006
13.520, 13.515, 7.997, 7.997, 13.556, 8.006
13.530, 13.523, 7.997, 7.997, 13.566, 8.006
13.540, 13.535, 7.997, 7.997, 13.576, 8.006
13.550, 13.542, 7.997, 7.997, 13.580, 8.006
13.560, 13.551, 7.997, 7.997, 13.600, 8.006
13.570, 13.564, 7.997, 7.997, 13.600, 8.006
13.580, 13.572, 7.997, 7.997, 13.613, 8.006
13.590, 13.584, 7.997, 7.997, 13.623, 8.006
13.600, 13.591, 7.997, 7.997, 13.629, 8.006
13.610, 13.605, 7.997, 7.997, 13.649, 8.006
13.620, 13.614, 7.997, 7.997, 13.654, 8.006
13.630, 13.621, 7.997, 7.997, 13.664, 8.006
13.640, 13.633, 7.997, 7.997, 13.668, 8.006
13.650, 13.641, 7.997, 7.997, 13.676, 8.006
13.660, 13.654, 7.997, 7.997, 13.695, 8.006
13.670, 13.663, 7.997, 7.997, 13.699, 8.006
13.680, 13.674, 7.997, 7.997, 13.714, 8.006
13.690, 13.683, 7.997, 7.997, 13.726, 8.006
13.700, 13.691, 7.997, 7.997, 13.730, 8.006
13.710, 13.704, 7.997, 7.997, 13.739, 8.006
13.720, 13.713, 7.997, 7.997, 13.750, 8.006
13.730, 13.724, 7.997, 7.997, 13.777, 8.006
13.740, 13.733, 7.997, 7.997, 13.780, 8.006
13.750, 13.740, 7.997, 7.997, 13.784, 8.006
13.760, 13.754, 7.997, 7.997, 13.794, 8.006
13.770, 13.762, 7.997, 7.997, 13.800, 8.006
13.780, 13.773, 7.997, 7.997, 13.815, 8.006
13.790, 13.773, 7.997, 7.997, 13.812, 8.006
13.800, 13.795, 7.997, 7.997, 13.842, 8.006
13.810, 13.803, 7.997, 7.997, 13.848, 8.006
13.820, 13.813, 7.997, 7.997, 13.855, 8.006
13.830, 13.824, 7.997, 7.997, 13.861, 8.006
13.840, 13.832, 7.997, 7.997, 13.869, 8.006
13.850, 13.846, 7.997, 7.997, 13.883, 8.006
13.860, 13.854, 7.997, 7.997, 13.892, 8.006
13.870, 13.865, 7.997, 7.997, 13.910, 8.006
13.880, 13.873, 7.997, 7.997, 13.915, 8.006
13.890, 13.882, 7.997, 7.997, 13.920, 8.006
13.900, 13.895, 7.997, 7.997, 13.935, 8.006
13.910, 13.903, 7.997, 7.997, 13.943, 8.006
13.920, 13.915, 7.997, 7.997, 13.958, 8.006
13.930, 13.923, 7.997, 7.997, 13.964, 8.006
13.940, 13.931, 7.997, 7.997, 13.981, 8.006
13.950, 13.946, 7.997, 7.997, 13.986, 8.006
13.960, 13.953, 7.997, 7.997, 13.992, 8.006
13.970, 13.965, 7.997, 7.997, 14.005, 8.006
13.980, 13.973, 7.997, 7.997, 14.005, 8.006
13.990, 13.986, 7.997, 7.997, 14.021, 8.006
14.000, 13.995, 7.997, 7.997, 14.035, 8.006
14.010, 14.002, 7.997, 7.997, 14.040, 8.006
14.020, 14.015, 7.997, 7.997, 14.050, 8.006
14.030, 14.022, 7.997, 7.997, 14.066, 8.006
14.040, 14.035, 7.997, 7.997, 14.089, 8.006
14.050, 14.044, 7.997, 7.997, 14.092, 8.006
14.060, 14.055, 7.997, 7.997, 14.091, 8.006
14.070, 14.064, 7.997, 7.997, 14.104, 8.006
14.080, 14.071, 7.997, 7.997, 14.101, 8.006
14.090, 14.085, 7.997, 7.997, 14.120, 8.006
14.100, 14.093, 7.997, 7.997, 14.127, 8.006
14.110, 14.104, 7.997, 7.997, 14.157, 8.006
14.120, 14.113, 7.997, 7.997, 14.158, 8.006
14.130, 14.126, 7.997, 7.997, 14.169, 8.006
14.140, 14.134, 7.997, 7.997, 14.173, 8.006
14.150, 14.143, 7.997, 7.997, 14.183, 8.006
14.160, 14.154, 7.997, 7.997, 14.200, 8.006
14.170, 14.162, 7.997, 7.997, 14.210, 8.006
14.180, 14.176, 7.997, 7.997, 14.215, 8.006
14.190, 14.184, 7.997, 7.997, 14.230, 8.006
14.200, 14.192, 7.997, 7.997, 14.234, 8.006
14.210, 14.203, 7.997, 7.997, 14.241, 8.006
14.220, 14.213, 7.997, 7.997, 14.262, 8.006
14.230, 14.226, 7.997, 7.997, 14.271, 8.006
14.240, 14.233, 7.997, 7.997, 14.273, 8.006
14.250, 14.246, 7.997, 7.997, 14.291, 8.006
14.260, 14.253, 7.997, 7.997, 14.284, 8.006
14.270, 14.262, 7.997, 7.997, 14.296, 8.006
14.280, 14.276, 7.997, 7.997, 14.323, 8.006
14.290, 14.283, 7.997, 7.997, 14.325, 8.006
14.300, 14.295, 7.997, 7.997, 14.336, 8.006
14.310, 14.303, 7.997, 7.997, 14.352, 8.006
14.320, 14.316, 7.997, 7.997, 14.360, 8.006
14.330, 14.325, 7.997, 7.997, 14.363, 8.006
14.340, 14.332, 7.997, 7.997, 14.367, 8.006
14.350, 14.347, 7.997, 7.997, 14.384, 8.006
14.360, 14.354, 7.997, 7.997, 14.407, 8.006
14.370, 14.368, 7.997, 7.997, 14.412, 8.006
14.380, 14.377, 7.997, 7.997, 14.420, 8.006
14.390, 14.384, 7.997, 7.997, 14.421, 8.006
14.400, 14.396, 7.997, 7.997, 14.440, 8.006