i_src,i_meas,v_up,v_down,v_current,old_up,old_down,old_current
0.000, -0.000, 2751.000, 2714.900, 1676.200, 13.545, 13.355, -0.017
0.010, 0.004, 2752.800, 2714.900, 1674.500, 13.550, 13.355, -0.038
0.020, 0.013, 2751.500, 2714.400, 1672.700, 13.545, 13.355, -0.077
0.030, 0.024, 2752.700, 2715.000, 1673.400, 13.550, 13.360, -0.063
0.040, 0.033, 2752.200, 2715.100, 1671.800, 13.550, 13.360, -0.104
0.050, 0.043, 2750.900, 2715.200, 1671.300, 13.539, 13.360, -0.104
0.060, 0.054, 2752.100, 2715.200, 1671.200, 13.550, 13.360, -0.104
0.070, 0.063, 2752.800, 2715.800, 1670.500, 13.550, 13.360, -0.122
0.080, 0.074, 2753.100, 2715.800, 1669.700, 13.556, 13.360, -0.149
0.090, 0.084, 2752.600, 2715.500, 1669.800, 13.550, 13.360, -0.149
0.100, 0.094, 2753.400, 2714.800, 1669.200, 13.556, 13.355, -0.149
0.110, 0.104, 2753.600, 2715.700, 1669.400, 13.556, 13.360, -0.149
0.120, 0.114, 2753.400, 2716.200, 1668.800, 13.556, 13.364, -0.177
0.130, 0.124, 2754.300, 2717.800, 1667.700, 13.562, 13.369, -0.216
0.140, 0.134, 2753.800, 2715.900, 1668.600, 13.556, 13.360, -0.177
0.150, 0.144, 2754.000, 2716.800, 1667.400, 13.562, 13.364, -0.216
0.160, 0.154, 2755.100, 2716.700, 1667.300, 13.567, 13.364, -0.216
0.170, 0.164, 2754.200, 2717.200, 1667.200, 13.562, 13.369, -0.216
0.180, 0.174, 2755.000, 2717.600, 1667.100, 13.567, 13.369, -0.216
0.190, 0.184, 2754.600, 2717.400, 1666.500, 13.562, 13.369, -0.257
0.200, 0.194, 2754.900, 2716.600, 1666.800, 13.562, 13.364, -0.257
0.210, 0.203, 2755.300, 2717.100, 1666.000, 13.567, 13.369, -0.257
0.220, 0.212, 2755.200, 2718.300, 1666.000, 13.567, 13.374, -0.257
0.230, 0.222, 2755.800, 2718.300, 1665.400, 13.567, 13.374, 0.000
0.240, 0.232, 2755.400, 2718.300, 1665.300, 13.567, 13.374, 0.000
0.250, 0.242, 2755.800, 2718.900, 1663.200, 13.567, 13.374, -0.300
0.260, 0.252, 2755.900, 2717.200, 1663.700, 13.567, 13.369, -0.300
0.270, 0.262, 2755.700, 2720.700, 1662.100, 13.567, 13.383, -0.304
0.280, 0.272, 2756.300, 2718.900, 1660.300, 13.573, 13.374, -0.326
0.290, 0.282, 2756.200, 2719.700, 1661.000, 13.573, 13.379, -0.309
0.300, 0.292, 2756.200, 2719.300, 1659.800, 13.573, 13.379, -0.347
0.310, 0.302, 2757.100, 2720.900, 1658.900, 13.578, 13.383, -0.375
0.320, 0.311, 2756.900, 2721.900, 1658.800, 13.573, 13.387, -0.375
0.330, 0.321, 2756.600, 2720.300, 1658.700, 13.573, 13.383, -0.375
0.340, 0.330, 2756.100, 2720.200, 1658.000, 13.573, 13.383, -0.375
0.350, 0.340, 2756.700, 2720.300, 1657.100, 13.573, 13.383, -0.411
0.360, 0.350, 2756.700, 2723.700, 1657.000, 13.573, 13.395, -0.411
0.370, 0.360, 2756.900, 2721.800, 1656.500, 13.573, 13.387, -0.436
0.380, 0.370, 2756.600, 2720.700, 1656.000, 13.573, 13.383, -0.436
0.390, 0.380, 2757.300, 2722.100, 1655.900, 13.578, 13.391, -0.448
0.400, 0.390, 2757.800, 2723.800, 1655.600, 13.578, 13.395, -0.448
0.410, 0.403, 2757.600, 2724.500, 1653.800, 13.578, 13.399, -0.457
0.420, 0.413, 2757.600, 2723.800, 1653.900, 13.578, 13.395, -0.457
0.430, 0.423, 2757.500, 2726.700, 1650.400, 13.578, 13.406, -0.477
0.440, 0.433, 2757.400, 2724.100, 1649.700, 13.578, 13.399, -0.502
0.450, 0.443, 2758.300, 2724.800, 1650.900, 13.584, 13.399, -0.477
0.460, 0.454, 2757.900, 2725.400, 1648.400, 13.578, 13.402, -0.520
0.470, 0.463, 2757.500, 2724.800, 1648.500, 13.578, 13.399, -0.520
0.480, 0.473, 2758.400, 2728.200, 1649.100, 13.584, 13.414, -0.502
0.490, 0.483, 2758.800, 2728.200, 1647.800, 13.584, 13.414, -0.546
0.500, 0.493, 2758.600, 2726.400, 1647.300, 13.584, 13.406, -0.546
0.510, 0.503, 2758.600, 2726.800, 1647.100, 13.584, 13.406, -0.546
0.520, 0.513, 2758.500, 2727.100, 1647.200, 13.584, 13.410, -0.546
0.530, 0.523, 2759.000, 2729.300, 1646.700, 13.590, 13.418, -0.594
0.540, 0.533, 2759.700, 2728.800, 1646.500, 13.590, 13.414, -0.594
0.550, 0.543, 2758.200, 2728.200, 1646.300, 13.584, 13.414, -0.594
0.560, 0.553, 2758.900, 2729.000, 1645.900, 13.584, 13.418, -0.631
0.570, 0.563, 2758.900, 2728.400, 1645.700, 13.584, 13.414, -0.631
0.580, 0.573, 2759.700, 2727.800, 1645.300, 13.590, 13.410, -0.631
0.590, 0.583, 2760.300, 2729.100, 1645.100, 13.595, 13.418, -0.631
0.600, 0.593, 2759.200, 2730.200, 1643.900, 13.590, 13.422, -0.692
0.610, 0.603, 2760.300, 2728.500, 1644.200, 13.595, 13.414, -0.659
0.620, 0.613, 2760.900, 2729.500, 1643.500, 13.595, 13.418, -0.692
0.630, 0.623, 2760.300, 2728.300, 1643.800, 13.595, 13.414, -0.692
0.640, 0.633, 2761.700, 2730.100, 1643.500, 13.600, 13.422, -0.692
0.650, 0.643, 2762.500, 2730.000, 1643.200, 13.605, 13.422, -0.692
0.660, 0.654, 2760.400, 2729.500, 1642.300, 13.595, 13.418, -0.720
0.670, 0.663, 2762.700, 2730.400, 1642.500, 13.605, 13.422, -0.720
0.680, 0.673, 2762.800, 2730.100, 1642.400, 13.605, 13.422, -0.720
0.690, 0.683, 2761.700, 2730.400, 1642.300, 13.600, 13.422, -0.720
0.700, 0.693, 2762.200, 2729.600, 1640.800, 13.605, 13.418, -0.780
0.710, 0.704, 2763.300, 2731.400, 1641.400, 13.610, 13.428, -0.755
0.720, 0.713, 2762.000, 2730.900, 1641.700, 13.605, 13.422, -0.755
0.730, 0.723, 2763.300, 2730.900, 1640.300, 13.610, 13.422, -0.780
0.740, 0.733, 2763.500, 2729.300, 1640.700, 13.610, 13.418, -0.780
0.750, 0.743, 2763.500, 2730.200, 1639.600, 13.610, 13.422, -0.789
0.760, 0.754, 2763.900, 2731.000, 1638.300, 13.610, 13.428, -0.807
0.770, 0.763, 2763.200, 2731.200, 1638.500, 13.610, 13.428, -0.807
0.780, 0.773, 2763.800, 2730.800, 1637.800, 13.610, 13.422, -0.816
0.790, 0.783, 2763.500, 2730.900, 1636.200, 13.610, 13.422, -0.823
0.800, 0.793, 2764.500, 2731.600, 1635.400, 13.615, 13.428, -0.829
0.810, 0.803, 2764.500, 2732.400, 1635.700, 13.615, 13.435, -0.829
0.820, 0.813, 2764.500, 2731.300, 1634.200, 13.615, 13.428, -0.865
0.830, 0.823, 2764.500, 2731.900, 1633.600, 13.615, 13.428, -0.884
0.840, 0.833, 2764.500, 2732.100, 1633.400, 13.615, 13.435, -0.884
0.850, 0.843, 2764.600, 2731.700, 1632.700, 13.615, 13.428, -0.908
0.860, 0.854, 2764.500, 2731.400, 1632.100, 13.615, 13.428, -0.908
0.870, 0.863, 2764.800, 2731.200, 1631.900, 13.615, 13.428, -0.948
0.880, 0.873, 2765.200, 2732.300, 1631.600, 13.620, 13.435, -0.948
0.890, 0.883, 2764.600, 2732.100, 1631.600, 13.615, 13.435, -0.948
0.900, 0.893, 2764.600, 2732.000, 1631.200, 13.615, 13.435, -0.948
0.910, 0.904, 2765.600, 2732.800, 1630.800, 13.620, 13.435, -0.976
0.920, 0.914, 2765.500, 2732.500, 1630.400, 13.620, 13.435, -0.976
0.930, 0.924, 2765.200, 2732.800, 1630.300, 13.620, 13.435, -0.976
0.940, 0.934, 2766.300, 2732.300, 1630.000, 13.625, 13.435, -0.976
0.950, 0.944, 2766.100, 2732.000, 1629.300, 13.625, 13.435, -1.004
0.960, 0.954, 2765.700, 2732.100, 1629.300, 13.620, 13.435, -1.004
0.970, 0.964, 2766.200, 2732.800, 1628.900, 13.625, 13.435, -1.015
0.980, 0.974, 2765.700, 2732.400, 1628.800, 13.620, 13.435, -1.015
0.990, 0.984, 2767.000, 2732.200, 1627.800, 13.630, 13.435, -1.081
1.000, 0.994, 2766.400, 2733.000, 1627.500, 13.625, 13.442, -1.081
1.010, 1.004, 2767.300, 2733.200, 1628.000, 13.630, 13.442, -1.015
1.020, 1.014, 2766.900, 2732.800, 1625.500, 13.625, 13.435, -1.097
1.030, 1.024, 2767.200, 2732.500, 1625.900, 13.630, 13.435, -1.097
1.040, 1.034, 2767.700, 2732.300, 1625.200, 13.630, 13.435, -1.097
1.050, 1.044, 2766.500, 2732.500, 1624.300, 13.625, 13.435, -1.108
1.060, 1.054, 2768.000, 2733.100, 1623.700, 13.635, 13.442, -1.121
1.070, 1.064, 2767.600, 2732.700, 1623.600, 13.630, 13.435, -1.121
1.080, 1.074, 2768.300, 2733.000, 1622.300, 13.635, 13.442, -1.126
1.090, 1.084, 2767.800, 2733.300, 1621.400, 13.630, 13.442, -1.131
1.100, 1.094, 2768.500, 2733.600, 1622.000, 13.635, 13.442, -1.126
1.110, 1.104, 2768.500, 2733.400, 1620.300, 13.635, 13.442, -1.156
1.120, 1.114, 2768.700, 2734.100, 1620.000, 13.635, 13.448, -1.156
1.130, 1.124, 2768.900, 2734.200, 1619.500, 13.635, 13.448, -1.201
1.140, 1.134, 2769.100, 2733.700, 1619.300, 13.640, 13.442, -1.201
1.150, 1.144, 2769.300, 2733.300, 1619.200, 13.640, 13.442, -1.201
1.160, 1.154, 2769.000, 2734.300, 1619.100, 13.640, 13.448, -1.201
1.170, 1.164, 2768.500, 2734.200, 1618.500, 13.635, 13.448, -1.224
1.180, 1.174, 2769.500, 2733.400, 1618.300, 13.640, 13.442, -1.224
1.190, 1.184, 2769.300, 2733.800, 1617.700, 13.640, 13.442, -1.271
1.200, 1.194, 2770.200, 2735.200, 1617.700, 13.645, 13.455, -1.271
1.210, 1.204, 2770.100, 2734.800, 1617.300, 13.645, 13.448, -1.271
1.220, 1.214, 2770.300, 2735.000, 1616.900, 13.645, 13.455, -1.294
1.230, 1.224, 2770.000, 2734.800, 1616.900, 13.645, 13.448, -1.294
1.240, 1.235, 2770.800, 2734.000, 1616.300, 13.645, 13.448, -1.294
1.250, 1.244, 2770.500, 2734.900, 1616.400, 13.645, 13.448, -1.294
1.260, 1.255, 2770.300, 2734.600, 1615.600, 13.645, 13.448, -1.315
1.270, 1.264, 2771.900, 2735.100, 1615.500, 13.650, 13.455, -1.315
1.280, 1.274, 2770.600, 2735.200, 1614.900, 13.645, 13.455, -1.352
1.290, 1.285, 2771.000, 2735.300, 1615.200, 13.650, 13.455, -1.315
1.300, 1.294, 2771.900, 2735.600, 1614.100, 13.650, 13.455, -1.352
1.310, 1.304, 2772.300, 2735.900, 1614.300, 13.654, 13.455, -1.352
1.320, 1.314, 2772.100, 2735.800, 1613.000, 13.654, 13.455, -1.365
1.330, 1.324, 2771.800, 2735.100, 1612.900, 13.650, 13.455, -1.383
1.340, 1.334, 2773.100, 2736.900, 1612.300, 13.659, 13.462, -1.383
1.350, 1.344, 2774.100, 2736.800, 1612.000, 13.664, 13.462, -1.383
1.360, 1.354, 2772.700, 2736.400, 1611.100, 13.654, 13.462, -1.390
1.370, 1.364, 2773.200, 2736.800, 1608.800, 13.659, 13.462, -1.420
1.380, 1.374, 2774.700, 2737.600, 1608.600, 13.664, 13.469, -1.420
1.390, 1.384, 2773.300, 2737.500, 1607.600, 13.659, 13.469, -1.446
1.400, 1.394, 2775.700, 2737.600, 1606.700, 13.668, 13.469, -1.491
1.410, 1.404, 2776.700, 2737.900, 1606.800, 13.673, 13.469, -1.491
1.420, 1.414, 2775.300, 2737.400, 1606.700, 13.668, 13.469, -1.491
1.430, 1.424, 2774.900, 2737.300, 1606.200, 13.664, 13.469, -1.491
1.440, 1.435, 2775.500, 2737.800, 1606.000, 13.668, 13.469, -1.491
1.450, 1.444, 2777.800, 2738.100, 1605.900, 13.677, 13.475, -1.511
1.460, 1.455, 2776.600, 2738.400, 1605.700, 13.673, 13.475, -1.511
1.470, 1.465, 2776.500, 2738.800, 1605.000, 13.673, 13.475, -1.511
1.480, 1.474, 2777.500, 2738.500, 1605.200, 13.677, 13.475, -1.511
1.490, 1.485, 2778.400, 2738.800, 1604.800, 13.682, 13.475, -1.541
1.500, 1.494, 2778.600, 2738.800, 1604.300, 13.682, 13.475, -1.541
1.510, 1.505, 2778.300, 2738.900, 1603.800, 13.682, 13.475, -1.581
1.520, 1.515, 2778.100, 2738.800, 1603.600, 13.682, 13.475, -1.581
1.530, 1.525, 2779.400, 2739.200, 1603.400, 13.686, 13.482, -1.581
1.540, 1.535, 2778.100, 2739.200, 1602.800, 13.682, 13.482, -1.609
1.550, 1.544, 2778.400, 2739.500, 1602.600, 13.682, 13.482, -1.609
1.560, 1.555, 2779.900, 2739.700, 1602.600, 13.686, 13.482, -1.609
1.570, 1.564, 2780.000, 2739.000, 1601.700, 13.691, 13.482, -1.620
1.580, 1.574, 2779.300, 2739.100, 1601.900, 13.686, 13.482, -1.620
1.590, 1.585, 2779.700, 2740.000, 1601.300, 13.686, 13.489, -1.620
1.600, 1.594, 2779.500, 2739.400, 1600.300, 13.686, 13.482, -1.632
1.610, 1.604, 2779.100, 2740.100, 1600.100, 13.686, 13.489, -1.632
1.620, 1.614, 2779.700, 2739.800, 1598.400, 13.686, 13.482, -1.656
1.630, 1.624, 2779.900, 2740.400, 1597.400, 13.686, 13.489, -1.670
1.640, 1.634, 2780.500, 2740.600, 1596.400, 13.691, 13.489, -1.688
1.650, 1.644, 2781.000, 2739.900, 1595.500, 13.696, 13.482, -1.707
1.660, 1.654, 2780.700, 2740.800, 1595.300, 13.691, 13.489, -1.707
1.670, 1.664, 2780.900, 2740.200, 1595.000, 13.691, 13.489, -1.707
1.680, 1.674, 2781.600, 2741.300, 1594.900, 13.696, 13.493, -1.725
1.690, 1.685, 2781.000, 2741.700, 1594.300, 13.696, 13.493, -1.725
1.700, 1.694, 2783.600, 2744.600, 1593.300, 13.707, 13.507, -1.765
1.710, 1.705, 2783.200, 2745.000, 1593.500, 13.707, 13.512, -1.765
1.720, 1.715, 2783.700, 2745.600, 1593.400, 13.707, 13.512, -1.765
1.730, 1.725, 2785.000, 2747.300, 1592.700, 13.718, 13.521, -1.822
1.740, 1.735, 2784.700, 2747.900, 1592.700, 13.712, 13.521, -1.822
1.750, 1.745, 2784.900, 2749.200, 1592.100, 13.712, 13.530, -1.822
1.760, 1.755, 2785.100, 2749.100, 1591.800, 13.718, 13.530, -1.848
1.770, 1.765, 2786.400, 2750.300, 1591.500, 13.723, 13.534, -1.848
1.780, 1.775, 2786.600, 2750.600, 1591.900, 13.723, 13.534, -1.848
1.790, 1.785, 2786.700, 2752.000, 1591.300, 13.723, 13.544, -1.848
1.800, 1.795, 2787.900, 2751.500, 1590.900, 13.728, 13.539, -1.853
1.810, 1.805, 2785.800, 2752.400, 1591.000, 13.718, 13.544, -1.848
1.820, 1.815, 2788.200, 2751.400, 1590.100, 13.734, 13.539, -1.853
1.830, 1.825, 2788.500, 2752.600, 1590.000, 13.734, 13.544, -1.853
1.840, 1.835, 2787.800, 2753.200, 1589.500, 13.728, 13.549, -1.901
1.850, 1.845, 2789.900, 2752.600, 1589.200, 13.739, 13.544, -1.901
1.860, 1.855, 2790.000, 2753.000, 1589.400, 13.744, 13.549, -1.901
1.870, 1.865, 2790.600, 2753.000, 1588.900, 13.744, 13.549, -1.921
1.880, 1.875, 2790.900, 2753.100, 1588.400, 13.744, 13.549, -1.921
1.890, 1.885, 2791.300, 2753.800, 1587.700, 13.748, 13.549, -1.939
1.900, 1.895, 2791.300, 2754.200, 1587.200, 13.748, 13.554, -1.939
1.910, 1.905, 2793.600, 2755.200, 1588.000, 13.757, 13.558, -1.921
1.920, 1.915, 2793.000, 2754.500, 1586.200, 13.757, 13.554, -1.954
1.930, 1.925, 2793.400, 2756.000, 1585.500, 13.757, 13.563, -1.973
1.940, 1.935, 2794.500, 2757.800, 1584.200, 13.761, 13.568, -1.985
1.950, 1.945, 2794.500, 2757.900, 1584.200, 13.761, 13.568, -1.985
1.960, 1.955, 2794.600, 2759.100, 1582.300, 13.761, 13.577, -2.010
1.970, 1.965, 2795.000, 2759.800, 1582.100, 13.765, 13.577, -2.010
1.980, 1.975, 2796.100, 2761.100, 1580.700, 13.769, 13.587, -2.071
1.990, 1.986, 2796.500, 2762.000, 1580.800, 13.769, 13.592, -2.071
2.000, 1.995, 2797.600, 2762.000, 1580.600, 13.773, 13.592, -2.071
2.010, 2.005, 2798.200, 2762.400, 1579.800, 13.777, 13.592, -2.095
2.020, 2.015, 2797.100, 2762.500, 1580.400, 13.773, 13.592, -2.071
2.030, 2.025, 2799.300, 2762.700, 1579.300, 13.781, 13.592, -2.095
2.040, 2.036, 2800.600, 2763.400, 1579.800, 13.785, 13.596, -2.095
2.050, 2.045, 2802.100, 2763.700, 1579.200, 13.797, 13.596, -2.095
2.060, 2.056, 2800.600, 2763.400, 1578.600, 13.785, 13.596, -2.131
2.070, 2.065, 2802.200, 2763.800, 1578.500, 13.797, 13.596, -2.131
2.080, 2.075, 2804.300, 2764.000, 1577.800, 13.809, 13.601, -2.157
2.090, 2.086, 2803.100, 2765.100, 1578.000, 13.803, 13.605, -2.131
2.100, 2.096, 2804.800, 2765.000, 1576.900, 13.809, 13.605, -2.195
2.110, 2.105, 2803.900, 2764.300, 1577.300, 13.803, 13.601, -2.157
2.120, 2.114, 2805.200, 2764.600, 1576.700, 13.815, 13.601, -2.195
2.130, 2.124, 2805.700, 2765.200, 1577.000, 13.815, 13.605, -2.157
2.140, 2.135, 2806.800, 2765.000, 1576.500, 13.821, 13.605, -2.195
2.150, 2.144, 2806.400, 2765.300, 1575.800, 13.821, 13.605, -2.217
2.160, 2.155, 2806.600, 2766.500, 1575.800, 13.821, 13.610, -2.217
2.170, 2.164, 2806.300, 2766.100, 1575.800, 13.821, 13.610, -2.217
2.180, 2.174, 2806.400, 2766.300, 1575.800, 13.821, 13.610, -2.217
2.190, 2.185, 2805.800, 2766.000, 1574.200, 13.815, 13.610, -2.227
2.200, 2.194, 2806.000, 2766.200, 1572.300, 13.821, 13.610, -2.251
2.210, 2.204, 2806.000, 2765.500, 1571.600, 13.821, 13.605, -2.263
2.220, 2.214, 2806.900, 2766.200, 1571.000, 13.821, 13.610, -2.263
2.230, 2.224, 2807.300, 2766.100, 1571.100, 13.827, 13.610, -2.263
2.240, 2.235, 2808.000, 2765.900, 1569.300, 13.833, 13.605, -2.299
2.250, 2.245, 2807.200, 2766.000, 1570.000, 13.827, 13.610, -2.283
2.260, 2.255, 2808.000, 2766.700, 1568.800, 13.833, 13.610, -2.329
2.270, 2.265, 2808.400, 2766.100, 1569.300, 13.833, 13.610, -2.299
2.280, 2.275, 2808.700, 2767.100, 1568.100, 13.833, 13.615, -2.329
2.290, 2.285, 2807.400, 2768.900, 1567.900, 13.827, 13.619, -2.364
2.300, 2.295, 2808.500, 2768.000, 1567.500, 13.833, 13.619, -2.364
2.310, 2.305, 2808.600, 2767.400, 1567.400, 13.833, 13.615, -2.364
2.320, 2.315, 2808.000, 2768.300, 1566.700, 13.833, 13.619, -2.388
2.330, 2.325, 2808.300, 2768.500, 1566.200, 13.833, 13.619, -2.388
2.340, 2.335, 2809.600, 2769.300, 1566.300, 13.839, 13.624, -2.388
2.350, 2.345, 2810.100, 2769.600, 1565.100, 13.845, 13.624, -2.421
2.360, 2.355, 2810.000, 2769.500, 1565.500, 13.845, 13.624, -2.421
2.370, 2.364, 2809.300, 2768.800, 1565.100, 13.839, 13.619, -2.421
2.380, 2.374, 2810.200, 2770.600, 1565.000, 13.845, 13.629, -2.421
2.390, 2.385, 2810.200, 2770.000, 1564.300, 13.845, 13.629, -2.443
2.400, 2.395, 2810.900, 2771.300, 1563.800, 13.845, 13.635, -2.469
2.410, 2.405, 2810.500, 2771.600, 1564.300, 13.845, 13.635, -2.443
2.420, 2.415, 2811.200, 2771.900, 1563.500, 13.849, 13.635, -2.469
2.430, 2.424, 2810.600, 2771.400, 1563.500, 13.845, 13.635, -2.469
2.440, 2.435, 2809.900, 2770.700, 1563.400, 13.839, 13.629, -2.469
2.450, 2.445, 2810.500, 2771.400, 1562.700, 13.845, 13.635, -2.506
2.460, 2.455, 2809.800, 2770.300, 1562.600, 13.839, 13.629, -2.506
2.470, 2.465, 2811.600, 2772.200, 1561.200, 13.849, 13.641, -2.526
2.480, 2.474, 2810.900, 2771.700, 1560.100, 13.845, 13.635, -2.526
2.490, 2.485, 2811.300, 2772.000, 1560.700, 13.849, 13.641, -2.526
2.500, 2.495, 2812.500, 2773.400, 1558.600, 13.854, 13.648, -2.558
2.510, 2.505, 2811.100, 2770.900, 1558.600, 13.849, 13.629, -2.558
2.520, 2.516, 2811.100, 2773.100, 1558.300, 13.849, 13.648, -2.558
2.530, 2.525, 2812.000, 2772.900, 1556.300, 13.854, 13.641, -2.605
2.540, 2.535, 2811.800, 2774.700, 1556.100, 13.849, 13.654, -2.605
2.550, 2.545, 2814.000, 2774.400, 1555.700, 13.862, 13.654, -2.624
2.560, 2.555, 2813.200, 2775.000, 1554.900, 13.858, 13.660, -2.671
2.570, 2.566, 2813.100, 2775.100, 1555.100, 13.858, 13.660, -2.624
2.580, 2.575, 2813.100, 2774.600, 1554.900, 13.858, 13.654, -2.671
2.590, 2.585, 2813.500, 2775.100, 1554.100, 13.858, 13.660, -2.671
2.600, 2.595, 2815.000, 2775.700, 1553.300, 13.867, 13.660, -2.680
2.610, 2.605, 2813.700, 2775.900, 1553.700, 13.858, 13.660, -2.680
2.620, 2.616, 2814.200, 2775.800, 1553.400, 13.862, 13.660, -2.680
2.630, 2.625, 2814.200, 2775.200, 1552.900, 13.862, 13.660, -2.705
2.640, 2.635, 2815.600, 2776.200, 1552.900, 13.867, 13.667, -2.705
2.650, 2.645, 2815.100, 2776.300, 1552.500, 13.867, 13.667, -2.705
2.660, 2.655, 2814.300, 2776.200, 1552.400, 13.862, 13.667, -2.705
2.670, 2.665, 2815.200, 2776.000, 1552.000, 13.867, 13.667, -2.705
2.680, 2.674, 2815.500, 2776.400, 1552.200, 13.867, 13.667, -2.705
2.690, 2.685, 2814.200, 2776.000, 1551.500, 13.862, 13.667, -2.741
2.700, 2.695, 2811.000, 2773.300, 1551.300, 13.849, 13.648, -2.741
2.710, 2.705, 2812.200, 2772.700, 1551.200, 13.854, 13.641, -2.741
2.720, 2.715, 2812.300, 2773.200, 1550.900, 13.854, 13.648, -2.772
2.730, 2.725, 2813.400, 2774.200, 1550.300, 13.858, 13.654, -2.772
2.740, 2.735, 2813.600, 2773.400, 1550.400, 13.858, 13.648, -2.772
2.750, 2.745, 2813.300, 2774.100, 1549.900, 13.858, 13.654, -2.790
2.760, 2.755, 2810.700, 2773.400, 1549.300, 13.845, 13.648, -2.790
2.770, 2.766, 2812.000, 2773.600, 1548.800, 13.854, 13.648, -2.786
2.780, 2.775, 2815.000, 2776.000, 1549.000, 13.867, 13.667, -2.790
2.790, 2.785, 2815.600, 2777.100, 1546.500, 13.867, 13.673, -2.814
2.800, 2.795, 2816.500, 2777.200, 1545.300, 13.871, 13.673, -2.839
2.810, 2.805, 2817.300, 2777.600, 1545.700, 13.875, 13.673, -2.839
2.820, 2.816, 2812.400, 2774.300, 1545.400, 13.854, 13.654, -2.839
2.830, 2.825, 2812.700, 2773.300, 1544.800, 13.854, 13.648, -2.850
2.840, 2.835, 2812.700, 2772.100, 1543.200, 13.854, 13.641, -2.882
2.850, 2.845, 2812.600, 2773.100, 1542.300, 13.854, 13.648, -2.907
2.860, 2.856, 2812.000, 2772.900, 1543.500, 13.854, 13.641, -2.882
2.870, 2.866, 2812.000, 2772.600, 1542.100, 13.854, 13.641, -2.907
2.880, 2.876, 2813.300, 2774.100, 1541.000, 13.858, 13.654, -2.937
2.890, 2.886, 2813.400, 2775.400, 1541.500, 13.858, 13.660, -2.937
2.900, 2.895, 2814.900, 2776.200, 1540.100, 13.862, 13.667, -2.959
2.910, 2.905, 2815.200, 2776.100, 1540.800, 13.867, 13.667, -2.959
2.920, 2.916, 2815.400, 2776.300, 1540.200, 13.867, 13.667, -2.959
2.930, 2.925, 2815.700, 2776.900, 1540.300, 13.867, 13.667, -2.959
2.940, 2.935, 2816.900, 2777.300, 1540.200, 13.871, 13.673, -2.959
2.950, 2.945, 2818.400, 2777.700, 1539.700, 13.880, 13.673, -2.959
2.960, 2.955, 2817.500, 2777.900, 1539.300, 13.875, 13.673, -2.959
2.970, 2.966, 2816.800, 2777.700, 1538.700, 13.871, 13.673, -2.959
2.980, 2.975, 2818.500, 2777.500, 1539.000, 13.880, 13.673, -2.959
2.990, 2.985, 2819.500, 2777.800, 1538.800, 13.884, 13.673, -2.959
