SRC,MULT,VBAT,VPOW
8.000, 7.992, 1482.700, 1447.000
8.010, 8.000, 1607.600, 1611.600
8.020, 8.012, 1612.300, 1614.000
8.030, 8.019, 1614.100, 1615.400
8.040, 8.033, 1616.200, 1617.800
8.050, 8.041, 1617.300, 1618.700
8.060, 8.049, 1618.500, 1619.800
8.070, 8.061, 1619.900, 1621.900
8.080, 8.069, 1621.800, 1625.900
8.090, 8.082, 1626.600, 1628.100
8.100, 8.091, 1628.100, 1629.900
8.110, 8.102, 1630.000, 1630.800
8.120, 8.111, 1631.400, 1632.600
8.130, 8.118, 1632.400, 1633.500
8.140, 8.132, 1635.200, 1638.700
8.150, 8.141, 1639.500, 1640.400
8.160, 8.152, 1641.100, 1642.800
8.170, 8.161, 1642.600, 1643.500
8.180, 8.174, 1645.100, 1650.000
8.190, 8.182, 1649.500, 1652.800
8.200, 8.182, 1650.600, 1652.600
8.210, 8.202, 1652.200, 1654.800
8.220, 8.210, 1654.200, 1655.700
8.230, 8.224, 1656.300, 1657.500
8.240, 8.231, 1657.600, 1658.800
8.250, 8.240, 1658.800, 1662.800
8.260, 8.251, 1663.100, 1665.800
8.270, 8.259, 1665.800, 1666.500
8.280, 8.272, 1667.200, 1668.300
8.290, 8.280, 1668.600, 1669.600
8.300, 8.292, 1670.100, 1671.700
8.310, 8.300, 1671.200, 1673.100
8.320, 8.308, 1673.700, 1678.500
8.330, 8.322, 1678.700, 1679.600
8.340, 8.330, 1679.200, 1680.800
8.350, 8.341, 1681.000, 1682.600
8.360, 8.349, 1682.000, 1683.700
8.370, 8.363, 1684.100, 1687.300
8.380, 8.371, 1685.500, 1691.300
8.390, 8.379, 1690.700, 1692.000
8.400, 8.392, 1692.200, 1692.900
8.410, 8.399, 1692.900, 1694.600
8.420, 8.412, 1695.000, 1696.500
8.430, 8.421, 1696.700, 1697.500
8.440, 8.429, 1697.500, 1702.500
8.450, 8.441, 1704.000, 1704.800
8.460, 8.448, 1705.000, 1705.600
8.470, 8.462, 1705.900, 1707.400
8.480, 8.471, 1707.100, 1708.700
8.490, 8.482, 1709.200, 1709.900
8.500, 8.490, 1709.900, 1714.500
8.510, 8.498, 1712.000, 1717.200
8.520, 8.511, 1717.200, 1718.100
8.530, 8.521, 1718.100, 1719.300
8.540, 8.532, 1720.100, 1721.700
8.550, 8.541, 1721.900, 1722.500
8.560, 8.554, 1722.900, 1727.900
8.570, 8.562, 1726.500, 1729.700
8.580, 8.570, 1729.700, 1730.200
8.590, 8.581, 1730.400, 1732.000
8.600, 8.590, 1731.900, 1734.100
8.610, 8.603, 1734.500, 1735.500
8.620, 8.611, 1735.600, 1737.500
8.630, 8.623, 1737.100, 1742.200
8.640, 8.631, 1741.800, 1743.000
8.650, 8.639, 1743.000, 1744.700
8.660, 8.654, 1745.000, 1746.700
8.670, 8.661, 1746.800, 1747.600
8.680, 8.673, 1748.200, 1752.500
8.690, 8.681, 1752.100, 1755.000
8.700, 8.689, 1755.100, 1755.900
8.710, 8.703, 1756.000, 1757.100
8.720, 8.710, 1757.200, 1758.900
8.730, 8.710, 1757.200, 1758.800
8.740, 8.730, 1759.600, 1761.500
8.750, 8.743, 1761.800, 1766.300
8.760, 8.752, 1765.800, 1768.800
8.770, 8.760, 1769.000, 1769.400
8.780, 8.772, 1769.600, 1771.100
8.790, 8.779, 1771.000, 1772.200
8.800, 8.793, 1772.900, 1774.700
8.810, 8.801, 1774.300, 1776.100
8.820, 8.812, 1776.700, 1781.400
8.830, 8.821, 1781.300, 1782.000
8.840, 8.829, 1782.000, 1783.300
8.850, 8.842, 1783.700, 1785.200
8.860, 8.851, 1784.800, 1786.500
8.870, 8.862, 1786.700, 1788.400
8.880, 8.870, 1787.900, 1792.800
8.890, 8.878, 1791.500, 1794.800
8.900, 8.892, 1794.400, 1796.000
8.910, 8.900, 1796.300, 1797.100
8.920, 8.911, 1797.300, 1799.200
8.930, 8.920, 1799.400, 1800.900
8.940, 8.934, 1800.700, 1805.900
8.950, 8.941, 1804.700, 1807.800
8.960, 8.950, 1808.000, 1808.500
8.970, 8.961, 1808.600, 1809.400
8.980, 8.970, 1809.700, 1811.400
8.990, 8.983, 1812.400, 1813.000
9.000, 8.991, 1812.900, 1816.500
9.010, 9.003, 1815.300, 1820.400
9.020, 9.010, 1820.200, 1821.000
9.030, 9.019, 1820.600, 1821.900
9.040, 9.033, 1822.500, 1824.500
9.050, 9.040, 1824.200, 1825.700
9.060, 9.051, 1825.900, 1826.400
9.070, 9.059, 1825.900, 1830.500
9.080, 9.067, 1829.100, 1833.800
9.090, 9.081, 1833.700, 1834.600
9.100, 9.089, 1834.900, 1835.800
9.110, 9.100, 1836.600, 1837.800
9.120, 9.108, 1837.800, 1839.000
9.130, 9.122, 1838.900, 1844.700
9.140, 9.130, 1842.800, 1846.500
9.150, 9.138, 1846.400, 1847.000
9.160, 9.150, 1847.200, 1848.900
9.170, 9.158, 1848.600, 1850.600
9.180, 9.171, 1852.400, 1855.500
9.190, 9.180, 1856.000, 1857.600
9.200, 9.191, 1858.200, 1858.900
9.210, 9.200, 1858.900, 1859.500
9.220, 9.207, 1859.200, 1860.700
9.230, 9.221, 1861.800, 1862.900
9.240, 9.230, 1862.900, 1864.100
9.250, 9.240, 1863.900, 1866.800
9.260, 9.250, 1865.100, 1871.200
9.270, 9.263, 1870.800, 1872.500
9.280, 9.270, 1872.100, 1874.200
9.290, 9.279, 1873.900, 1875.700
9.300, 9.290, 1875.700, 1876.400
9.310, 9.299, 1876.600, 1878.100
9.320, 9.312, 1879.100, 1884.300
9.330, 9.320, 1883.500, 1885.000
9.340, 9.328, 1884.700, 1885.900
9.350, 9.339, 1886.400, 1887.600
9.360, 9.348, 1887.700, 1888.900
9.370, 9.361, 1889.700, 1890.900
9.380, 9.369, 1890.800, 1895.000
9.390, 9.381, 1895.400, 1897.600
9.400, 9.389, 1897.300, 1898.600
9.410, 9.397, 1898.500, 1899.800
9.420, 9.411, 1900.500, 1902.100
9.430, 9.418, 1901.500, 1903.000
9.440, 9.430, 1903.700, 1907.600
9.450, 9.438, 1904.500, 1910.100
9.460, 9.452, 1910.400, 1911.400
9.470, 9.461, 1911.700, 1912.700
9.480, 9.468, 1913.000, 1913.400
9.490, 9.480, 1914.000, 1915.700
9.500, 9.488, 1915.500, 1917.200
9.510, 9.501, 1916.900, 1922.900
9.520, 9.510, 1922.200, 1923.600
9.530, 9.518, 1923.900, 1925.300
9.540, 9.530, 1925.700, 1926.400
9.550, 9.537, 1926.200, 1928.200
9.560, 9.551, 1928.500, 1929.900
9.570, 9.559, 1929.900, 1933.600
9.580, 9.570, 1933.900, 1936.500
9.590, 9.580, 1936.700, 1937.800
9.600, 9.588, 1937.500, 1938.500
9.610, 9.601, 1939.000, 1941.000
9.620, 9.610, 1940.900, 1942.000
9.630, 9.621, 1941.900, 1946.300
9.640, 9.629, 1944.800, 1949.100
9.650, 9.643, 1949.000, 1950.200
9.660, 9.643, 1950.000, 1950.600
9.670, 9.659, 1951.400, 1953.100
9.680, 9.670, 1953.800, 1954.900
9.690, 9.679, 1954.800, 1956.700
9.700, 9.692, 1959.200, 1962.200
9.710, 9.700, 1961.800, 1963.000
9.720, 9.709, 1963.100, 1963.400
9.730, 9.720, 1964.100, 1965.700
9.740, 9.729, 1965.300, 1967.000
9.750, 9.742, 1966.800, 1969.800
9.760, 9.750, 1968.000, 1973.000
9.770, 9.762, 1973.700, 1974.700
9.780, 9.769, 1974.300, 1976.000
9.790, 9.779, 1976.700, 1977.600
9.800, 9.792, 1978.500, 1979.800
9.810, 9.799, 1979.700, 1980.700
9.820, 9.812, 1981.300, 1985.200
9.830, 9.819, 1983.600, 1987.800
9.840, 9.832, 1988.100, 1989.600
9.850, 9.841, 1989.600, 1991.000
9.860, 9.849, 1991.100, 1991.500
9.870, 9.860, 1991.800, 1993.000
9.880, 9.868, 1993.000, 1996.000
9.890, 9.882, 1996.700, 2000.500
9.900, 9.890, 1999.900, 2001.200
9.910, 9.901, 2001.200, 2003.100
9.920, 9.910, 2003.600, 2004.100
9.930, 9.918, 2004.200, 2005.500
9.940, 9.931, 2006.000, 2010.000
9.950, 9.940, 2007.800, 2013.100
9.960, 9.951, 2011.800, 2014.100
9.970, 9.959, 2014.100, 2015.500
9.980, 9.967, 2015.300, 2017.000
9.990, 9.981, 2016.800, 2018.400
10.000, 9.990, 2018.000, 2020.100
10.010, 10.001, 2020.000, 2024.800
10.020, 10.009, 2023.500, 2027.000
10.030, 10.023, 2027.000, 2028.600
10.040, 10.023, 2027.500, 2028.700
10.050, 10.039, 2029.000, 2029.600
10.060, 10.050, 2030.600, 2032.800
10.070, 10.059, 2032.600, 2035.100
10.080, 10.073, 2034.300, 2039.400
10.090, 10.080, 2038.900, 2040.400
10.100, 10.092, 2040.900, 2041.900
10.110, 10.100, 2042.000, 2042.400
10.120, 10.110, 2043.300, 2045.200
10.130, 10.123, 2045.400, 2049.100
10.140, 10.131, 2046.600, 2052.200
10.150, 10.143, 2052.400, 2053.000
10.160, 10.151, 2052.900, 2054.400
10.170, 10.160, 2054.300, 2056.200
10.180, 10.173, 2058.400, 2062.500
10.190, 10.181, 2062.500, 2063.100
10.200, 10.193, 2062.900, 2065.300
10.210, 10.200, 2065.100, 2066.100
10.220, 10.214, 2066.700, 2067.300
10.230, 10.222, 2067.900, 2068.300
10.240, 10.230, 2068.300, 2070.400
10.250, 10.243, 2070.500, 2073.200
10.260, 10.250, 2071.300, 2075.800
10.270, 10.264, 2076.500, 2078.500
10.280, 10.272, 2078.100, 2079.700
10.290, 10.283, 2080.100, 2081.400
10.300, 10.292, 2081.500, 2082.400
10.310, 10.300, 2082.600, 2083.900
10.320, 10.313, 2084.900, 2088.100
10.330, 10.322, 2086.700, 2091.500
10.340, 10.333, 2091.100, 2092.100
10.350, 10.342, 2092.300, 2093.800
10.360, 10.349, 2093.700, 2094.400
10.370, 10.362, 2095.200, 2096.800
10.380, 10.371, 2096.000, 2100.600
10.390, 10.371, 2096.000, 2100.300
10.400, 10.390, 2102.800, 2103.800
10.410, 10.404, 2104.700, 2106.300
10.420, 10.412, 2106.400, 2107.700
10.430, 10.420, 2107.600, 2110.000
10.440, 10.431, 2108.400, 2113.400
10.450, 10.440, 2109.900, 2114.600
10.460, 10.453, 2115.000, 2116.700
10.470, 10.461, 2117.300, 2118.800
10.480, 10.473, 2119.400, 2120.400
10.490, 10.481, 2120.400, 2121.300
10.500, 10.489, 2121.000, 2122.800
10.510, 10.503, 2122.900, 2128.100
10.520, 10.511, 2127.200, 2129.500
10.530, 10.523, 2130.000, 2131.700
10.540, 10.530, 2130.900, 2132.800
10.550, 10.539, 2132.700, 2133.200
10.560, 10.552, 2134.300, 2135.800
10.570, 10.560, 2136.100, 2139.300
10.580, 10.572, 2138.600, 2142.700
10.590, 10.580, 2141.600, 2143.400
10.600, 10.593, 2144.000, 2145.600
10.610, 10.602, 2145.800, 2146.600
10.620, 10.610, 2146.400, 2147.700
10.630, 10.622, 2147.800, 2152.200
10.640, 10.629, 2149.400, 2153.800
10.650, 10.629, 2149.300, 2154.800
10.660, 10.652, 2156.400, 2157.100
10.670, 10.663, 2157.900, 2158.200
10.680, 10.672, 2158.800, 2160.800
10.690, 10.680, 2160.600, 2161.800
10.700, 10.693, 2162.300, 2164.500
10.710, 10.702, 2166.100, 2168.900
10.720, 10.702, 2165.800, 2169.100
10.730, 10.721, 2170.000, 2170.900
10.740, 10.735, 2171.700, 2173.600
10.750, 10.743, 2173.100, 2175.100
10.760, 10.751, 2174.500, 2178.500
10.770, 10.762, 2178.600, 2181.400
10.780, 10.772, 2180.900, 2182.500
10.790, 10.785, 2183.300, 2183.900
10.800, 10.792, 2184.100, 2185.200
10.810, 10.801, 2185.800, 2186.800
10.820, 10.801, 2186.000, 2187.100
10.830, 10.821, 2188.100, 2192.500
10.840, 10.834, 2193.800, 2195.300
10.850, 10.842, 2195.200, 2196.300
10.860, 10.854, 2196.700, 2197.600
10.870, 10.862, 2197.800, 2200.000
10.880, 10.870, 2199.700, 2202.600
10.890, 10.884, 2202.700, 2206.300
10.900, 10.891, 2206.100, 2207.600
10.910, 10.903, 2208.000, 2208.800
10.920, 10.911, 2209.500, 2210.400
10.930, 10.924, 2210.800, 2214.600
10.940, 10.933, 2211.900, 2216.100
10.950, 10.940, 2213.600, 2217.500
10.960, 10.952, 2215.200, 2219.600
10.970, 10.960, 2219.400, 2221.400
10.980, 10.974, 2222.400, 2222.800
10.990, 10.982, 2223.300, 2223.800
11.000, 10.990, 2223.500, 2225.800
11.010, 11.002, 2225.400, 2230.200
11.020, 11.010, 2228.700, 2231.900
11.030, 11.023, 2232.300, 2233.800
11.040, 11.032, 2233.800, 2235.700
11.050, 11.043, 2236.100, 2236.200
11.060, 11.052, 2236.800, 2237.600
11.070, 11.059, 2238.200, 2241.000
11.080, 11.073, 2240.500, 2245.200
11.090, 11.082, 2243.300, 2246.900
11.100, 11.092, 2246.100, 2248.300
11.110, 11.101, 2248.000, 2248.900
11.120, 11.115, 2249.100, 2251.700
11.130, 11.122, 2250.400, 2255.400
11.140, 11.131, 2252.200, 2257.300
11.150, 11.142, 2256.900, 2258.800
11.160, 11.151, 2258.700, 2260.700
11.170, 11.163, 2261.300, 2261.900
11.180, 11.171, 2261.700, 2262.800
11.190, 11.180, 2263.300, 2264.400
11.200, 11.190, 2264.300, 2266.000
11.210, 11.199, 2266.000, 2267.600
11.220, 11.212, 2270.700, 2271.300
11.230, 11.220, 2272.300, 2273.100
11.240, 11.232, 2274.500, 2275.500
11.250, 11.240, 2275.500, 2277.400
11.260, 11.249, 2276.500, 2280.900
11.270, 11.262, 2281.200, 2284.500
11.280, 11.270, 2283.400, 2285.300
11.290, 11.282, 2285.700, 2287.000
11.300, 11.289, 2286.700, 2287.400
11.310, 11.303, 2288.700, 2291.300
11.320, 11.312, 2290.100, 2293.300
11.330, 11.320, 2291.900, 2296.400
11.340, 11.332, 2296.100, 2298.500
11.350, 11.340, 2297.300, 2299.300
11.360, 11.353, 2299.700, 2300.000
11.370, 11.362, 2300.500, 2303.100
11.380, 11.373, 2302.300, 2306.200
11.390, 11.381, 2303.600, 2309.100
11.400, 11.389, 2307.200, 2310.700
11.410, 11.402, 2310.900, 2312.400
11.420, 11.411, 2312.100, 2314.000
11.430, 11.422, 2313.100, 2317.400
11.440, 11.430, 2315.300, 2318.700
11.450, 11.438, 2315.500, 2319.700
11.460, 11.451, 2318.500, 2323.100
11.470, 11.460, 2321.500, 2324.100
11.480, 11.471, 2324.400, 2325.900
11.490, 11.479, 2325.900, 2326.000
11.500, 11.493, 2327.500, 2329.400
11.510, 11.501, 2328.000, 2332.800
11.520, 11.509, 2330.500, 2334.800
11.530, 11.520, 2335.000, 2336.900
11.540, 11.529, 2335.900, 2338.200
11.550, 11.542, 2338.900, 2339.500
11.560, 11.550, 2340.600, 2339.900
11.570, 11.563, 2341.600, 2345.700
11.580, 11.570, 2342.700, 2346.300
11.590, 11.579, 2345.700, 2349.000
11.600, 11.579, 2345.600, 2349.200
11.610, 11.600, 2350.300, 2351.900
11.620, 11.612, 2352.300, 2353.500
11.630, 11.620, 2353.000, 2356.200
11.640, 11.629, 2354.600, 2359.200
11.650, 11.642, 2360.000, 2361.700
11.660, 11.650, 2360.800, 2363.300
11.670, 11.662, 2363.500, 2364.700
11.680, 11.669, 2364.800, 2365.500
11.690, 11.683, 2365.800, 2368.000
11.700, 11.693, 2367.800, 2368.700
11.710, 11.700, 2368.600, 2371.400
11.720, 11.712, 2372.700, 2375.200
11.730, 11.720, 2375.400, 2377.100
11.740, 11.733, 2377.400, 2378.600
11.750, 11.742, 2378.500, 2380.800
11.760, 11.752, 2379.300, 2384.600
11.770, 11.762, 2383.500, 2386.600
11.780, 11.769, 2385.600, 2388.400
11.790, 11.782, 2388.600, 2389.800
11.800, 11.791, 2389.800, 2390.600
11.810, 11.802, 2391.300, 2392.200
11.820, 11.811, 2392.400, 2396.500
11.830, 11.818, 2394.700, 2398.100
11.840, 11.833, 2397.300, 2401.400
11.850, 11.841, 2400.000, 2402.700
11.860, 11.852, 2402.400, 2403.100
11.870, 11.861, 2403.300, 2404.600
11.880, 11.874, 2405.200, 2408.500
11.890, 11.882, 2406.300, 2411.400
11.900, 11.891, 2410.600, 2413.600
11.910, 11.902, 2412.800, 2414.300
11.920, 11.910, 2414.900, 2418.700
11.930, 11.924, 2416.200, 2421.300
11.940, 11.932, 2417.900, 2421.800
11.950, 11.943, 2419.600, 2423.800
11.960, 11.951, 2420.400, 2424.200
11.970, 11.960, 2422.900, 2426.600
11.980, 11.973, 2427.100, 2428.200
11.990, 11.980, 2428.800, 2429.300
12.000, 11.992, 2430.000, 2431.800
12.010, 12.000, 2430.900, 2434.200
12.020, 12.013, 2435.000, 2438.500
12.030, 12.023, 2437.800, 2440.200
12.040, 12.030, 2439.800, 2440.400
12.050, 12.030, 2440.600, 2440.900
12.060, 12.050, 2442.300, 2442.700
12.070, 12.063, 2445.600, 2447.400
12.080, 12.072, 2445.100, 2449.700
12.090, 12.079, 2447.300, 2452.500
12.100, 12.092, 2451.200, 2453.300
12.110, 12.100, 2453.200, 2454.800
12.120, 12.113, 2455.000, 2456.200
12.130, 12.122, 2456.300, 2458.800
12.140, 12.133, 2457.200, 2462.600
12.150, 12.141, 2462.100, 2464.300
12.160, 12.149, 2464.200, 2465.300
12.170, 12.163, 2465.200, 2467.800
12.180, 12.171, 2467.700, 2468.000
12.190, 12.182, 2468.800, 2470.000
12.200, 12.191, 2469.700, 2472.100
12.210, 12.204, 2472.200, 2473.300
12.220, 12.212, 2472.800, 2474.200
12.230, 12.228, 2477.500, 2480.100
12.240, 12.235, 2478.500, 2481.600
12.250, 12.244, 2480.000, 2484.100
12.260, 12.255, 2481.800, 2488.200
12.270, 12.264, 2486.100, 2490.000
12.280, 12.271, 2489.200, 2490.900
12.290, 12.284, 2491.600, 2493.300
12.300, 12.293, 2494.100, 2494.100
12.310, 12.304, 2493.700, 2498.100
12.320, 12.313, 2496.400, 2500.900
12.330, 12.326, 2499.200, 2502.700
12.340, 12.334, 2501.700, 2505.300
12.350, 12.343, 2503.800, 2506.200
12.360, 12.353, 2505.900, 2507.000
12.370, 12.363, 2506.400, 2508.900
12.380, 12.376, 2508.500, 2513.700
12.390, 12.384, 2511.300, 2514.800
12.400, 12.396, 2514.700, 2518.100
12.410, 12.404, 2516.300, 2522.700
12.420, 12.412, 2517.900, 2521.100
12.430, 12.426, 2519.700, 2524.900
12.440, 12.434, 2521.300, 2525.700
12.450, 12.445, 2522.200, 2527.000
12.460, 12.453, 2524.900, 2529.100
12.470, 12.462, 2527.700, 2531.400
12.480, 12.475, 2531.300, 2532.100
12.490, 12.483, 2531.300, 2533.100
12.500, 12.494, 2533.000, 2536.300
12.510, 12.502, 2534.200, 2539.400
12.520, 12.515, 2538.900, 2541.700
12.530, 12.524, 2540.900, 2543.500
12.540, 12.532, 2543.300, 2543.900
12.550, 12.543, 2544.400, 2545.200
12.560, 12.551, 2545.900, 2547.100
12.570, 12.565, 2547.400, 2552.500
12.580, 12.573, 2550.200, 2553.300
12.590, 12.584, 2552.600, 2555.600
12.600, 12.593, 2554.900, 2556.700
12.610, 12.601, 2555.900, 2558.000
12.620, 12.614, 2558.400, 2560.100
12.630, 12.624, 2559.200, 2563.000
12.640, 12.634, 2561.000, 2565.900
12.650, 12.643, 2564.100, 2567.600
12.660, 12.651, 2567.700, 2569.100
12.670, 12.664, 2569.200, 2570.400
12.680, 12.673, 2570.900, 2571.300
12.690, 12.684, 2572.600, 2572.700
12.700, 12.693, 2573.700, 2574.500
12.710, 12.706, 2577.300, 2578.700
12.720, 12.714, 2579.400, 2579.700
12.730, 12.723, 2581.900, 2583.000
12.740, 12.733, 2583.200, 2584.300
12.750, 12.742, 2584.000, 2586.300
12.760, 12.756, 2586.000, 2590.900
12.770, 12.764, 2589.500, 2592.500
12.780, 12.776, 2593.100, 2594.300
12.790, 12.776, 2593.400, 2595.000
12.800, 12.792, 2596.400, 2597.000
12.810, 12.806, 2598.200, 2599.000
12.820, 12.813, 2599.500, 2603.100
12.830, 12.825, 2601.900, 2605.100
12.840, 12.833, 2603.100, 2606.400
12.850, 12.846, 2606.300, 2608.400
12.860, 12.855, 2608.800, 2610.000
12.870, 12.863, 2609.200, 2611.500
12.880, 12.875, 2610.800, 2614.500
12.890, 12.882, 2611.600, 2617.700
12.900, 12.896, 2616.900, 2621.900
12.910, 12.905, 2618.600, 2624.200
12.920, 12.913, 2620.700, 2625.800
12.930, 12.925, 2622.500, 2627.900
12.940, 12.932, 2623.500, 2629.200
12.950, 12.946, 2624.400, 2630.000
12.960, 12.955, 2627.400, 2631.800
12.970, 12.965, 2631.500, 2633.900
12.980, 12.974, 2632.500, 2634.400
12.990, 12.982, 2634.400, 2635.200
13.000, 12.995, 2635.800, 2637.700
13.010, 13.004, 2637.100, 2641.900
13.020, 13.015, 2641.200, 2643.900
13.030, 13.023, 2643.800, 2646.000
13.040, 13.036, 2645.600, 2647.700
13.050, 13.044, 2649.000, 2648.000
13.060, 13.053, 2649.000, 2649.300
13.070, 13.064, 2651.100, 2654.000
13.080, 13.073, 2652.700, 2656.600
13.090, 13.086, 2655.100, 2659.200
13.100, 13.094, 2656.900, 2659.600
13.110, 13.102, 2658.500, 2660.900
13.120, 13.113, 2660.600, 2663.600
13.130, 13.122, 2661.600, 2664.600
13.140, 13.135, 2663.900, 2669.000
13.150, 13.143, 2668.500, 2671.200
13.160, 13.156, 2670.300, 2672.300
13.170, 13.163, 2672.000, 2673.900
13.180, 13.172, 2673.400, 2674.300
13.190, 13.185, 2675.400, 2676.200
13.200, 13.193, 2676.600, 2677.300
13.210, 13.205, 2678.200, 2679.700
13.220, 13.213, 2679.400, 2680.200
13.230, 13.226, 2680.600, 2682.300
13.240, 13.235, 2684.200, 2686.800
13.250, 13.243, 2686.700, 2685.700
13.260, 13.255, 2688.200, 2691.300
13.270, 13.262, 2691.100, 2695.300
13.280, 13.276, 2696.200, 2698.300
13.290, 13.283, 2697.600, 2699.100
13.300, 13.291, 2699.900, 2698.900
13.310, 13.303, 2701.900, 2701.600
13.320, 13.311, 2702.800, 2706.100
13.330, 13.324, 2705.100, 2707.600
13.340, 13.333, 2705.700, 2709.500
13.350, 13.343, 2708.400, 2711.000
13.360, 13.353, 2710.800, 2713.000
13.370, 13.360, 2711.400, 2713.700
13.380, 13.373, 2713.300, 2716.500
13.390, 13.382, 2714.600, 2719.500
13.400, 13.393, 2719.000, 2724.000
13.410, 13.402, 2721.000, 2728.000
13.420, 13.416, 2723.900, 2729.300
13.430, 13.424, 2725.800, 2731.600
13.440, 13.432, 2727.000, 2731.300
13.450, 13.443, 2727.200, 2733.200
13.460, 13.452, 2729.200, 2733.500
13.470, 13.465, 2732.700, 2737.000
13.480, 13.473, 2733.900, 2737.700
13.490, 13.485, 2736.200, 2738.700
13.500, 13.493, 2738.100, 2741.500
13.510, 13.501, 2738.900, 2743.000
13.520, 13.515, 2743.100, 2746.400
13.530, 13.522, 2745.700, 2748.400
13.540, 13.534, 2747.800, 2749.900
13.550, 13.542, 2751.200, 2751.500
13.560, 13.550, 2752.000, 2752.500
13.570, 13.550, 2751.900, 2753.100
13.580, 13.571, 2753.900, 2758.600
13.590, 13.583, 2757.400, 2760.100
13.600, 13.591, 2759.000, 2762.600
13.610, 13.604, 2762.100, 2764.400
13.620, 13.613, 2762.900, 2764.500
13.630, 13.621, 2764.000, 2767.600
13.640, 13.633, 2766.100, 2771.300
13.650, 13.640, 2769.000, 2772.600
13.660, 13.654, 2771.700, 2775.500
13.670, 13.662, 2774.600, 2776.500
13.680, 13.673, 2776.400, 2777.800
13.690, 13.683, 2778.200, 2778.000
13.700, 13.691, 2780.000, 2779.800
13.710, 13.704, 2781.300, 2782.000
13.720, 13.713, 2782.400, 2784.300
13.730, 13.723, 2785.500, 2787.900
13.740, 13.732, 2788.000, 2789.700
13.750, 13.740, 2789.500, 2791.500
13.760, 13.753, 2791.000, 2794.700
13.770, 13.762, 2793.100, 2797.600
13.780, 13.773, 2797.700, 2799.400
13.790, 13.782, 2799.300, 2801.500
13.800, 13.795, 2802.400, 2802.700
13.810, 13.803, 2804.800, 2803.300
13.820, 13.813, 2804.200, 2808.400
13.830, 13.823, 2806.000, 2810.600
13.840, 13.832, 2808.600, 2811.600
13.850, 13.845, 2810.000, 2814.200
13.860, 13.853, 2813.600, 2815.600
13.870, 13.865, 2814.900, 2817.800
13.880, 13.872, 2815.900, 2819.100
13.890, 13.882, 2817.500, 2822.800
13.900, 13.895, 2822.500, 2829.500
13.910, 13.902, 2824.000, 2829.600
13.920, 13.915, 2827.200, 2831.200
13.930, 13.922, 2828.800, 2833.800
13.940, 13.931, 2829.400, 2834.900
13.950, 13.945, 2829.900, 2835.800
13.960, 13.953, 2831.200, 2836.900
13.970, 13.964, 2834.100, 2839.500
13.980, 13.972, 2837.400, 2839.500
13.990, 13.986, 2841.000, 2842.000
14.000, 13.994, 2841.700, 2843.900
14.010, 14.002, 2842.600, 2845.300
14.020, 14.014, 2843.600, 2849.300
14.030, 14.022, 2848.800, 2850.500
14.040, 14.035, 2852.400, 2852.700
14.050, 14.044, 2852.500, 2854.000
14.060, 14.055, 2855.400, 2855.800
14.070, 14.063, 2855.400, 2858.800
14.080, 14.071, 2857.300, 2861.800
14.090, 14.084, 2860.500, 2862.600
14.100, 14.093, 2862.200, 2865.100
14.110, 14.104, 2864.200, 2867.400
14.120, 14.113, 2865.900, 2868.600
14.130, 14.126, 2867.700, 2871.600
14.140, 14.133, 2868.200, 2873.800
14.150, 14.143, 2871.900, 2875.600
14.160, 14.153, 2875.300, 2877.900
14.170, 14.162, 2876.600, 2878.800
14.180, 14.175, 2879.100, 2880.000
14.190, 14.183, 2880.200, 2880.700
14.200, 14.192, 2880.600, 2881.300
14.210, 14.203, 2882.100, 2883.600
14.220, 14.212, 2884.200, 2885.400
14.230, 14.225, 2885.200, 2886.600
14.240, 14.233, 2885.800, 2887.000
14.250, 14.245, 2886.000, 2888.700
14.260, 14.253, 2887.700, 2891.400
14.270, 14.261, 2887.900, 2896.800
14.280, 14.261, 2887.500, 2900.200
14.290, 14.283, 2899.700, 2902.600
14.300, 14.294, 2901.800, 2904.700
14.310, 14.302, 2901.400, 2906.500
14.320, 14.316, 2906.100, 2911.400
14.330, 14.324, 2909.200, 2914.400
14.340, 14.332, 2910.500, 2914.700
14.350, 14.346, 2913.400, 2917.200
14.360, 14.354, 2915.700, 2918.600
14.370, 14.367, 2917.200, 2920.500
14.380, 14.376, 2918.800, 2923.700
14.390, 14.384, 2921.500, 2927.300
14.400, 14.396, 2924.800, 2931.300
14.410, 14.403, 2927.400, 2934.900
14.420, 14.417, 2930.200, 2935.000
14.430, 14.425, 2931.800, 2937.000
14.440, 14.436, 2933.100, 2937.600
14.450, 14.445, 2933.200, 2938.900
14.460, 14.453, 2933.800, 2939.700
14.470, 14.466, 2938.500, 2942.000
14.480, 14.476, 2939.400, 2943.500
14.490, 14.486, 2943.500, 2945.600
14.500, 14.495, 2944.500, 2947.100
14.510, 14.508, 2946.400, 2951.400
14.520, 14.516, 2950.100, 2952.700
14.530, 14.525, 2952.400, 2955.200
14.540, 14.536, 2953.600, 2956.700
14.550, 14.545, 2956.200, 2958.300
14.560, 14.558, 2958.300, 2959.600
14.570, 14.566, 2958.700, 2964.100
14.580, 14.574, 2962.700, 2965.200
14.590, 14.585, 2963.100, 2966.300
14.600, 14.594, 2965.200, 2969.300
14.610, 14.607, 2967.500, 2970.600
14.620, 14.615, 2969.000, 2971.900
14.630, 14.626, 2971.000, 2974.800
14.640, 14.634, 2972.400, 2977.100
14.650, 14.643, 2974.200, 2978.600
14.660, 14.656, 2978.600, 2981.400
14.670, 14.664, 2980.200, 2983.700
14.680, 14.676, 2983.800, 2984.400
14.690, 14.684, 2984.300, 2984.800
14.700, 14.697, 2985.700, 2986.000
14.710, 14.706, 2987.500, 2987.200
14.720, 14.714, 2989.000, 2989.000
14.730, 14.725, 2989.500, 2991.600
14.740, 14.733, 2992.000, 2991.300
14.750, 14.747, 2995.300, 2996.900
14.760, 14.756, 2996.700, 3001.200
14.770, 14.763, 2998.400, 3003.700
14.780, 14.775, 3003.700, 3004.900
14.790, 14.783, 3004.700, 3007.800
14.800, 14.796, 3008.200, 3008.200
14.810, 14.805, 3009.700, 3010.100
14.820, 14.816, 3011.400, 3015.200
14.830, 14.825, 3013.800, 3017.000
14.840, 14.832, 3013.800, 3017.200
14.850, 14.846, 3016.500, 3019.900
14.860, 14.855, 3017.600, 3021.800
14.870, 14.865, 3020.300, 3023.800
14.880, 14.875, 3021.600, 3026.600
14.890, 14.888, 3024.300, 3032.600
14.900, 14.896, 3027.600, 3036.500
14.910, 14.905, 3029.600, 3036.700
14.920, 14.916, 3032.900, 3039.000
14.930, 14.925, 3034.000, 3040.700
14.940, 14.938, 3035.400, 3040.500
14.950, 14.946, 3037.100, 3042.000
14.960, 14.958, 3037.800, 3042.700
14.970, 14.958, 3038.700, 3042.800
14.980, 14.974, 3043.600, 3046.500
14.990, 14.987, 3045.600, 3048.000
15.000, 14.995, 3047.200, 3052.800
15.010, 15.008, 3049.300, 3054.200
15.020, 15.016, 3050.500, 3055.200
15.030, 15.024, 3054.100, 3057.600
15.040, 15.038, 3057.500, 3059.700
15.050, 15.045, 3058.300, 3060.500
15.060, 15.057, 3062.200, 3062.800
15.070, 15.065, 3061.400, 3065.600
15.080, 15.078, 3063.200, 3068.200
15.090, 15.087, 3065.300, 3068.900
15.100, 15.095, 3066.700, 3071.600
15.110, 15.107, 3070.300, 3073.600
15.120, 15.114, 3072.900, 3074.300
15.130, 15.128, 3073.400, 3077.500
15.140, 15.136, 3074.700, 3080.200
15.150, 15.147, 3079.600, 3083.000
15.160, 15.156, 3081.100, 3084.200
15.170, 15.156, 3081.300, 3083.800
15.180, 15.177, 3085.500, 3086.200
15.190, 15.185, 3087.000, 3087.200
15.200, 15.196, 3087.700, 3088.600
15.210, 15.205, 3088.400, 3089.800
15.220, 15.213, 3090.000, 3091.100
15.230, 15.226, 3091.800, 3092.300
15.240, 15.235, 3091.900, 3092.200
15.250, 15.246, 3092.000, 3094.000
15.260, 15.255, 3095.800, 3095.100
15.270, 15.269, 3100.600, 3102.900
15.280, 15.276, 3105.600, 3104.700
15.290, 15.285, 3107.400, 3107.400
15.300, 15.296, 3110.800, 3108.700
15.310, 15.305, 3112.600, 3112.000
15.320, 15.318, 3115.100, 3118.200
15.330, 15.326, 3115.100, 3119.800
15.340, 15.338, 3117.400, 3120.900
15.350, 15.346, 3119.100, 3123.100
15.360, 15.354, 3122.000, 3125.200
15.370, 15.368, 3124.000, 3127.000
15.380, 15.375, 3124.200, 3131.700
15.390, 15.387, 3127.300, 3136.200
15.400, 15.395, 3129.800, 3140.300
15.410, 15.403, 3132.700, 3138.600
15.420, 15.416, 3136.100, 3143.000
15.430, 15.424, 3137.000, 3143.200
15.440, 15.436, 3138.100, 3144.200
15.450, 15.444, 3139.900, 3145.000
15.460, 15.457, 3140.700, 3146.000
15.470, 15.466, 3142.900, 3147.100
15.480, 15.473, 3145.300, 3148.300
15.490, 15.485, 3146.900, 3150.500
15.500, 15.493, 3149.400, 3152.700
15.510, 15.506, 3151.700, 3156.800
15.520, 15.515, 3155.500, 3158.300
15.530, 15.526, 3156.300, 3159.300
15.540, 15.535, 3162.600, 3162.300
15.550, 15.543, 3161.700, 3163.100
15.560, 15.556, 3164.400, 3164.400
15.570, 15.565, 3167.000, 3168.900
15.580, 15.576, 3165.400, 3171.800
15.590, 15.584, 3168.200, 3171.800
15.600, 15.598, 3171.600, 3175.000
15.610, 15.598, 3171.100, 3175.100
15.620, 15.614, 3174.800, 3177.600
15.630, 15.625, 3176.700, 3178.800
15.640, 15.625, 3177.000, 3180.500
15.650, 15.647, 3182.000, 3185.200
15.660, 15.655, 3184.700, 3188.200
15.670, 15.664, 3185.400, 3190.000
15.680, 15.674, 3188.000, 3189.900
15.690, 15.683, 3192.200, 3191.100
15.700, 15.697, 3192.300, 3192.500
15.710, 15.704, 3192.700, 3192.000
15.720, 15.716, 3194.200, 3194.100
15.730, 15.724, 3195.200, 3196.400
15.740, 15.733, 3196.600, 3196.200
15.750, 15.746, 3201.200, 3197.500
15.760, 15.754, 3201.300, 3203.000
15.770, 15.766, 3204.300, 3208.300
15.780, 15.773, 3207.900, 3211.000
15.790, 15.787, 3210.600, 3212.000
15.800, 15.796, 3213.500, 3214.500
15.810, 15.804, 3214.400, 3216.500
15.820, 15.816, 3217.000, 3218.900
15.830, 15.823, 3217.500, 3223.000
15.840, 15.837, 3220.600, 3223.400
15.850, 15.845, 3222.300, 3225.200
15.860, 15.853, 3223.500, 3227.100
15.870, 15.865, 3225.200, 3229.600
15.880, 15.873, 3225.700, 3231.100
15.890, 15.886, 3229.300, 3238.500
15.900, 15.895, 3232.500, 3241.700
15.910, 15.906, 3236.400, 3244.700
15.920, 15.915, 3236.600, 3244.500
15.930, 15.922, 3239.400, 3245.800
15.940, 15.937, 3241.600, 3246.300
15.950, 15.945, 3242.100, 3248.200
15.960, 15.956, 3243.000, 3248.900
15.970, 15.965, 3245.000, 3250.000
15.980, 15.978, 3247.500, 3252.500
15.990, 15.986, 3249.300, 3254.700
