i_src,i_meas,v_up,v_down,v_current
0.000, -0.114, 2753.700, 2717.700, 1677.500
0.010, -0.004, 2752.700, 2717.600, 1677.400
0.020, -0.013, 2752.500, 2718.200, 1676.500
0.030, -0.024, 2753.200, 2717.400, 1675.200
0.040, -0.033, 2753.500, 2717.600, 1675.500
0.050, -0.043, 2753.600, 2717.600, 1673.600
0.060, -0.054, 2753.800, 2718.700, 1672.800
0.070, -0.063, 2753.600, 2717.700, 1673.000
0.080, -0.074, 2753.800, 2717.900, 1672.800
0.090, -0.083, 2753.700, 2718.000, 1671.600
0.100, -0.093, 2754.200, 2718.500, 1671.400
0.110, -0.104, 2755.100, 2719.400, 1671.000
0.120, -0.114, 2754.900, 2719.100, 1670.400
0.130, -0.124, 2755.200, 2718.700, 1669.900
0.140, -0.134, 2754.900, 2719.500, 1669.600
0.150, -0.144, 2755.500, 2719.900, 1669.500
0.160, -0.154, 2755.700, 2720.300, 1668.500
0.170, -0.164, 2755.300, 2719.600, 1668.700
0.180, -0.174, 2755.800, 2720.800, 1668.100
0.190, -0.184, 2756.000, 2722.500, 1667.800
0.200, -0.194, 2756.800, 2719.900, 1667.500
0.210, -0.200, 2756.000, 2721.200, 1667.900
0.220, -0.210, 2756.800, 2722.300, 1667.800
0.230, -0.220, 2756.500, 2721.700, 1666.800
0.240, -0.230, 2756.600, 2721.100, 1666.800
0.250, -0.240, 2757.000, 2721.500, 1666.400
0.260, -0.250, 2756.300, 2721.100, 1666.500
0.270, -0.260, 2757.900, 2723.200, 1666.400
0.280, -0.270, 2757.900, 2722.000, 1665.300
0.290, -0.280, 2757.800, 2723.300, 1665.200
0.300, -0.290, 2757.500, 2721.800, 1663.600
0.310, -0.300, 2757.700, 2723.700, 1663.000
0.320, -0.310, 2758.400, 2724.400, 1660.700
0.330, -0.320, 2758.800, 2724.200, 1660.400
0.340, -0.330, 2759.800, 2724.000, 1659.700
0.350, -0.340, 2759.000, 2725.900, 1659.600
0.360, -0.350, 2759.000, 2723.600, 1658.700
0.370, -0.360, 2760.200, 2725.000, 1658.600
0.380, -0.370, 2759.800, 2726.400, 1658.600
0.390, -0.380, 2760.000, 2725.900, 1657.700
0.400, -0.390, 2760.500, 2726.400, 1657.800
0.410, -0.401, 2759.900, 2725.700, 1657.000
0.420, -0.411, 2760.900, 2725.500, 1657.000
0.430, -0.421, 2761.000, 2727.100, 1657.000
0.440, -0.430, 2760.300, 2726.600, 1656.600
0.450, -0.440, 2760.800, 2726.600, 1655.600
0.460, -0.451, 2761.400, 2727.200, 1654.800
0.470, -0.460, 2762.000, 2726.200, 1652.300
0.480, -0.470, 2762.500, 2727.500, 1650.300
0.490, -0.480, 2761.900, 2726.100, 1651.400
0.500, -0.490, 2762.600, 2727.800, 1650.400
0.510, -0.500, 2762.600, 2728.500, 1648.300
0.520, -0.510, 2763.100, 2728.100, 1648.700
0.530, -0.520, 2762.900, 2728.300, 1648.600
0.540, -0.530, 2763.500, 2728.200, 1648.500
0.550, -0.540, 2762.400, 2727.800, 1647.700
0.560, -0.550, 2763.700, 2728.200, 1646.600
0.570, -0.560, 2764.200, 2728.500, 1646.700
0.580, -0.570, 2763.700, 2729.600, 1646.800
0.590, -0.580, 2764.800, 2729.100, 1646.300
0.600, -0.590, 2763.800, 2728.500, 1646.300
0.610, -0.600, 2765.000, 2729.800, 1645.800
0.620, -0.610, 2765.300, 2729.500, 1645.700
0.630, -0.620, 2764.800, 2729.700, 1645.300
0.640, -0.630, 2766.600, 2730.700, 1644.900
0.650, -0.640, 2766.000, 2730.000, 1644.900
0.660, -0.651, 2766.100, 2730.200, 1644.600
0.670, -0.660, 2767.200, 2730.800, 1643.900
0.680, -0.671, 2766.500, 2730.500, 1644.100
0.690, -0.680, 2767.700, 2731.200, 1643.200
0.700, -0.690, 2766.600, 2731.300, 1643.100
0.710, -0.701, 2768.700, 2732.200, 1642.500
0.720, -0.710, 2768.200, 2731.500, 1642.200
0.730, -0.720, 2768.100, 2732.200, 1642.400
0.740, -0.730, 2768.300, 2731.800, 1641.800
0.750, -0.740, 2768.300, 2732.700, 1641.700
0.760, -0.751, 2768.900, 2732.900, 1641.100
0.770, -0.760, 2769.600, 2732.600, 1640.900
0.780, -0.770, 2770.300, 2733.900, 1640.600
0.790, -0.780, 2770.700, 2732.600, 1640.600
0.800, -0.790, 2769.900, 2733.700, 1638.900
0.810, -0.800, 2770.300, 2734.200, 1638.300
0.820, -0.810, 2770.300, 2735.000, 1637.900
0.830, -0.820, 2771.000, 2735.000, 1636.500
0.840, -0.830, 2771.500, 2735.400, 1634.900
0.850, -0.840, 2771.800, 2735.300, 1635.400
0.860, -0.850, 2771.200, 2735.200, 1634.600
0.870, -0.860, 2771.800, 2735.900, 1634.200
0.880, -0.870, 2771.700, 2735.500, 1633.800
0.890, -0.880, 2772.200, 2736.500, 1633.300
0.900, -0.890, 2771.900, 2735.700, 1632.600
0.910, -0.901, 2772.100, 2736.900, 1631.700
0.920, -0.911, 2772.800, 2737.700, 1632.100
0.930, -0.921, 2772.900, 2737.000, 1631.600
0.940, -0.930, 2773.800, 2737.900, 1631.500
0.950, -0.941, 2772.800, 2737.200, 1631.900
0.960, -0.951, 2773.000, 2738.100, 1630.900
0.970, -0.961, 2772.700, 2737.700, 1631.000
0.980, -0.971, 2774.500, 2738.200, 1630.200
0.990, -0.980, 2774.200, 2738.800, 1629.800
1.000, -0.991, 2774.700, 2738.600, 1629.500
1.010, -1.001, 2775.600, 2738.600, 1629.400
1.020, -1.011, 2774.900, 2739.000, 1628.100
1.030, -1.021, 2775.000, 2739.200, 1628.300
1.040, -1.031, 2775.400, 2738.700, 1627.600
1.050, -1.041, 2775.600, 2738.900, 1628.000
1.060, -1.051, 2775.400, 2739.100, 1627.400
1.070, -1.061, 2776.200, 2738.900, 1627.200
1.080, -1.071, 2777.200, 2739.300, 1626.100
1.090, -1.081, 2777.900, 2740.000, 1627.100
1.100, -1.091, 2778.800, 2740.300, 1626.200
1.110, -1.101, 2778.500, 2740.800, 1626.100
1.120, -1.111, 2777.600, 2739.700, 1623.700
1.130, -1.121, 2778.900, 2739.500, 1623.100
1.140, -1.131, 2777.800, 2740.000, 1620.900
1.150, -1.141, 2778.700, 2740.500, 1621.200
1.160, -1.151, 2777.900, 2741.700, 1620.200
1.170, -1.161, 2779.200, 2742.000, 1619.800
1.180, -1.171, 2779.200, 2741.800, 1619.600
1.190, -1.181, 2778.900, 2742.600, 1619.300
1.200, -1.191, 2779.800, 2742.100, 1619.400
1.210, -1.201, 2779.700, 2742.600, 1619.000
1.220, -1.211, 2779.800, 2742.700, 1618.800
1.230, -1.221, 2779.600, 2743.300, 1618.100
1.240, -1.231, 2780.500, 2742.800, 1617.800
1.250, -1.241, 2780.800, 2743.100, 1617.400
1.260, -1.251, 2780.300, 2743.000, 1617.200
1.270, -1.261, 2780.900, 2743.800, 1617.400
1.280, -1.271, 2780.500, 2743.200, 1617.000
1.290, -1.281, 2780.800, 2744.100, 1616.700
1.300, -1.291, 2781.100, 2744.000, 1616.200
1.310, -1.301, 2781.500, 2743.700, 1615.400
1.320, -1.311, 2781.800, 2744.200, 1615.300
1.330, -1.321, 2781.800, 2744.600, 1614.600
1.340, -1.331, 2781.900, 2744.500, 1614.400
1.350, -1.341, 2781.400, 2745.100, 1614.300
1.360, -1.351, 2781.900, 2744.400, 1614.100
1.370, -1.361, 2781.400, 2745.200, 1613.200
1.380, -1.371, 2783.500, 2745.600, 1613.500
1.390, -1.381, 2783.300, 2745.800, 1612.300
1.400, -1.391, 2783.200, 2746.300, 1610.800
1.410, -1.401, 2783.500, 2746.100, 1610.600
1.420, -1.411, 2783.700, 2746.500, 1610.900
1.430, -1.421, 2782.900, 2745.500, 1607.900
1.440, -1.432, 2783.700, 2746.400, 1608.000
1.450, -1.441, 2783.000, 2746.900, 1606.800
1.460, -1.452, 2784.000, 2749.000, 1606.900
1.470, -1.461, 2784.700, 2747.700, 1606.800
1.480, -1.471, 2785.800, 2746.900, 1606.300
1.490, -1.482, 2786.300, 2749.900, 1606.200
1.500, -1.491, 2786.200, 2747.700, 1606.200
1.510, -1.502, 2785.900, 2749.400, 1605.500
1.520, -1.511, 2786.500, 2750.200, 1605.000
1.530, -1.521, 2789.500, 2752.200, 1604.700
1.540, -1.532, 2789.400, 2752.100, 1604.900
1.550, -1.541, 2790.600, 2752.900, 1604.000
1.560, -1.552, 2791.500, 2752.900, 1604.300
1.570, -1.561, 2792.600, 2753.900, 1603.700
1.580, -1.571, 2793.000, 2755.500, 1603.200
1.590, -1.581, 2793.000, 2754.700, 1603.300
1.600, -1.591, 2792.200, 2756.000, 1602.700
1.610, -1.601, 2793.600, 2755.900, 1602.700
1.620, -1.611, 2793.900, 2756.200, 1601.900
1.630, -1.621, 2794.800, 2756.200, 1600.900
1.640, -1.631, 2795.300, 2756.900, 1601.200
1.650, -1.641, 2795.900, 2757.300, 1599.200
1.660, -1.651, 2796.600, 2758.700, 1598.400
1.670, -1.661, 2796.900, 2759.900, 1597.600
1.680, -1.671, 2797.500, 2759.800, 1599.000
1.690, -1.681, 2797.600, 2759.300, 1596.300
1.700, -1.691, 2798.400, 2760.200, 1595.900
1.710, -1.702, 2799.200, 2760.900, 1595.600
1.720, -1.711, 2800.200, 2761.000, 1594.600
1.730, -1.721, 2800.300, 2762.200, 1594.800
1.740, -1.732, 2801.800, 2763.100, 1593.700
1.750, -1.742, 2802.200, 2764.500, 1594.200
1.760, -1.752, 2803.200, 2764.400, 1593.400
1.770, -1.761, 2803.600, 2765.100, 1593.500
1.780, -1.772, 2803.900, 2765.200, 1592.800
1.790, -1.782, 2803.200, 2764.900, 1593.200
1.800, -1.792, 2803.800, 2766.500, 1592.600
1.810, -1.802, 2803.800, 2766.600, 1592.500
1.820, -1.812, 2805.600, 2767.600, 1592.100
1.830, -1.822, 2804.800, 2767.300, 1592.000
1.840, -1.832, 2805.800, 2768.600, 1591.600
1.850, -1.842, 2805.800, 2769.000, 1591.100
1.860, -1.852, 2806.000, 2768.300, 1589.900
1.870, -1.861, 2807.700, 2769.700, 1590.800
1.880, -1.871, 2806.200, 2770.200, 1590.300
1.890, -1.882, 2806.500, 2770.000, 1589.300
1.900, -1.892, 2808.100, 2770.000, 1589.200
1.910, -1.902, 2808.400, 2770.800, 1589.200
1.920, -1.911, 2808.200, 2770.500, 1588.500
1.930, -1.921, 2808.000, 2771.100, 1588.000
1.940, -1.932, 2808.200, 2770.700, 1587.900
1.950, -1.942, 2810.300, 2772.500, 1586.600
1.960, -1.952, 2810.500, 2772.900, 1586.100
1.970, -1.962, 2810.100, 2773.200, 1585.600
1.980, -1.972, 2810.600, 2772.200, 1585.900
1.990, -1.982, 2811.000, 2774.200, 1584.500
2.000, -1.992, 2811.600, 2773.700, 1582.800
2.010, -2.002, 2812.400, 2773.000, 1581.400
2.020, -2.012, 2812.000, 2775.500, 1582.200
2.030, -2.022, 2811.700, 2774.300, 1581.500
2.040, -2.032, 2813.600, 2775.400, 1580.700
2.050, -2.042, 2814.400, 2776.800, 1580.700
2.060, -2.052, 2814.300, 2775.500, 1580.400
2.070, -2.062, 2814.600, 2778.200, 1580.300
2.080, -2.072, 2813.800, 2777.500, 1580.400
2.090, -2.082, 2815.000, 2778.000, 1579.600
2.100, -2.092, 2815.200, 2777.500, 1579.700
2.110, -2.101, 2814.900, 2778.300, 1578.700
2.120, -2.111, 2815.400, 2778.600, 1578.400
2.130, -2.121, 2816.400, 2779.100, 1578.300
2.140, -2.131, 2815.900, 2779.100, 1578.000
2.150, -2.141, 2817.300, 2780.000, 1577.300
2.160, -2.151, 2818.300, 2780.800, 1577.300
2.170, -2.161, 2818.000, 2780.600, 1576.900
2.180, -2.171, 2817.600, 2781.500, 1577.100
2.190, -2.181, 2819.500, 2781.500, 1576.800
2.200, -2.191, 2818.500, 2782.000, 1576.400
2.210, -2.201, 2817.500, 2782.700, 1575.400
2.220, -2.211, 2818.600, 2782.100, 1575.700
2.230, -2.221, 2818.100, 2781.300, 1574.900
2.240, -2.232, 2819.900, 2783.500, 1573.200
2.250, -2.241, 2818.500, 2783.800, 1572.300
2.260, -2.251, 2820.300, 2783.800, 1572.000
2.270, -2.261, 2819.100, 2783.800, 1571.100
2.280, -2.271, 2819.000, 2782.100, 1571.200
2.290, -2.282, 2820.300, 2784.300, 1570.100
2.300, -2.291, 2819.500, 2783.900, 1569.300
2.310, -2.301, 2820.500, 2784.100, 1570.400
2.320, -2.311, 2821.500, 2783.700, 1568.500
2.330, -2.321, 2821.700, 2784.200, 1568.900
2.340, -2.332, 2821.200, 2784.300, 1567.900
2.350, -2.341, 2822.400, 2785.100, 1568.100
2.360, -2.352, 2822.900, 2784.800, 1567.500
2.370, -2.361, 2822.100, 2783.300, 1566.600
2.380, -2.371, 2822.100, 2784.800, 1566.700
2.390, -2.381, 2822.700, 2785.400, 1566.600
2.400, -2.391, 2823.600, 2785.900, 1565.900
2.410, -2.401, 2823.300, 2785.300, 1565.400
2.420, -2.412, 2823.900, 2786.500, 1565.200
2.430, -2.421, 2824.800, 2786.000, 1565.000
2.440, -2.431, 2822.700, 2785.900, 1564.600
2.450, -2.441, 2822.400, 2785.600, 1564.100
2.460, -2.451, 2824.100, 2785.700, 1563.700
2.470, -2.462, 2825.100, 2786.000, 1563.300
2.480, -2.471, 2825.300, 2786.500, 1563.500
2.490, -2.481, 2825.000, 2786.600, 1562.500
2.500, -2.491, 2825.000, 2788.200, 1562.900
2.510, -2.502, 2825.600, 2787.400, 1562.200
2.520, -2.512, 2825.500, 2787.300, 1562.400
2.530, -2.521, 2826.300, 2787.400, 1559.400
2.540, -2.532, 2826.500, 2789.100, 1560.700
2.550, -2.542, 2827.000, 2789.600, 1559.000
2.560, -2.552, 2827.700, 2788.800, 1558.600
2.570, -2.562, 2827.100, 2787.800, 1559.100
2.580, -2.571, 2827.900, 2788.200, 1556.800
2.590, -2.582, 2826.900, 2788.300, 1556.700
2.600, -2.592, 2827.500, 2789.000, 1556.400
2.610, -2.602, 2827.900, 2788.700, 1556.300
2.620, -2.612, 2826.900, 2788.600, 1555.400
2.630, -2.622, 2827.900, 2789.000, 1560.000
2.640, -2.632, 2828.100, 2788.500, 1555.500
2.650, -2.641, 2829.500, 2790.800, 1552.600
2.660, -2.651, 2828.600, 2790.200, 1554.100
2.670, -2.662, 2828.800, 2790.400, 1553.200
2.680, -2.671, 2829.000, 2790.100, 1554.000
2.690, -2.682, 2830.200, 2789.800, 1553.300
2.700, -2.691, 2830.800, 2790.300, 1553.200
2.710, -2.701, 2829.500, 2790.700, 1554.400
2.720, -2.712, 2828.600, 2790.800, 1552.900
2.730, -2.721, 2829.100, 2790.700, 1551.500
2.740, -2.732, 2829.000, 2790.800, 1552.600
2.750, -2.741, 2829.900, 2791.200, 1551.000
2.760, -2.751, 2830.400, 2792.100, 1551.400
2.770, -2.762, 2830.400, 2792.100, 1550.400
2.780, -2.772, 2830.200, 2790.700, 1550.000
2.790, -2.782, 2830.000, 2791.400, 1547.100
2.800, -2.792, 2830.600, 2791.000, 1549.400
2.810, -2.802, 2830.300, 2791.500, 1547.900
2.820, -2.802, 2830.300, 2791.500, 1550.600
2.830, -2.822, 2830.800, 2792.100, 1544.800
2.840, -2.832, 2831.800, 2792.600, 1545.400
2.850, -2.842, 2830.900, 2792.000, 1544.800
2.860, -2.852, 2831.100, 2792.900, 1543.800
2.870, -2.862, 2830.700, 2791.500, 1544.800
2.880, -2.872, 2829.900, 2791.100, 1543.900
2.890, -2.882, 2831.400, 2791.500, 1543.000
2.900, -2.892, 2830.600, 2791.000, 1542.400
2.910, -2.902, 2830.700, 2791.200, 1542.100
2.920, -2.912, 2830.200, 2790.500, 1541.900
2.930, -2.922, 2830.000, 2790.300, 1541.700
2.940, -2.932, 2829.100, 2791.000, 1541.400
2.950, -2.942, 2829.200, 2791.400, 1540.600
2.960, -2.952, 2829.500, 2791.100, 1540.200
2.970, -2.962, 2829.900, 2790.500, 1539.900
2.980, -2.972, 2829.400, 2790.200, 1540.000
2.990, -2.982, 2830.300, 2791.000, 1539.800
